Season,Site,Month,Day,Year,ND Coach,W/L/T,Score,ND Rank,Opponent,Opp. Coach,Opp. Rank
1887,HOME,NOV,23,1887,NO COACH,L,0-8,No Poll,MICHIGAN,NO COACH,No Poll
1888,HOME,APR,20,1888,NO COACH,L,6-26,No Poll,MICHIGAN,NO COACH,No Poll
1888,HOME,APR,21,1888,NO COACH,L,4-10,No Poll,MICHIGAN,NO COACH,No Poll
1888,HOME,DEC,6,1888,NO COACH,W,20-0,No Poll,HARVARD PREP,UNKNOWN,No Poll
1889,AWAY,NOV,14,1889,NO COACH,W,9-0,No Poll,NORTHWESTERN,NO COACH,No Poll
1892,HOME,OCT,19,1892,NO COACH,W,56-0,No Poll,SOUTH BEND HS,UNKNOWN,No Poll
1892,HOME,NOV,24,1892,NO COACH,T,10-10,No Poll,HILLSDALE,NO COACH,No Poll
1893,HOME,OCT,25,1893,NO COACH,W,34-0,No Poll,KALAMAZOO,NO COACH,No Poll
1893,HOME,NOV,11,1893,NO COACH,W,8-6,No Poll,ALBION,COACH ATWOOD,No Poll
1893,HOME,NOV,23,1893,NO COACH,W,28-0,No Poll,De LaSALLE,UNKNOWN,No Poll
1893,HOME,NOV,30,1893,NO COACH,W,22-10,No Poll,HILLSDALE,NO COACH,No Poll
1893,AWAY,JAN,1,1894,NO COACH,L,0-8,No Poll,CHICAGO,AMOS ALONZO STAGG,No Poll
1894,HOME,OCT,13,1894,MORISON,W,14-0,No Poll,HILLSDALE,NO COACH,No Poll
1894,HOME,OCT,20,1894,MORISON,T,6-6,No Poll,ALBION,COACH GAGE,No Poll
1894,HOME,NOV,15,1894,MORISON,W,30-0,No Poll,WABASH,VERNON RANDALL,No Poll
1894,HOME,NOV,22,1894,MORISON,W,18-6,No Poll,RUSH MEDICAL,UNKNOWN,No Poll
1894,HOME,NOV,29,1894,MORISON,L,12-19,No Poll,ALBION,COACH GAGE,No Poll
1895,HOME,OCT,19,1895,HADDEN,W,20-0,No Poll,NORTHESTERN LAW,UNKNOWN,No Poll
1895,HOME,NOV,7,1895,HADDEN,W,18-2,No Poll,ILLINOIS CYCLING,UNKNOWN,No Poll
1895,HOME,NOV,22,1895,HADDEN,L,0-18,No Poll,INDIANAPOLIS ARTILLERY,UNKNOWN,No Poll
1895,HOME,NOV,28,1895,HADDEN,W,32-0,No Poll,CHICAGO PHYSICIANS,UNKNOWN,No Poll
1896,HOME,OCT,8,1896,HERING,L,0-4,No Poll,CHICAGO PHYSICIANS,UNKNOWN,No Poll
1896,HOME,OCT,14,1896,HERING,L,0-18,No Poll,CHICAGO,AMOS ALONZO STAGG,No Poll
1896,HOME,OCT,27,1896,HERING,W,46-0,No Poll,SB COMMERCIAL AC,UNKNOWN,No Poll
1896,HOME,OCT,31,1896,HERING,W,24-0,No Poll,ALBION,COACH HOWE,No Poll
1896,HOME,NOV,14,1896,HERING,L,22-28,No Poll,PURDUE,S.M. HAMMOND,No Poll
1896,HOME,NOV,20,1896,HERING,W,82-0,No Poll,HIGHLAND VIEWS,UNKNOWN,No Poll
1896,HOME,NOV,26,1896,HERING,W,8-0,No Poll,BELOIT,C.M. HOLLISTER,No Poll
1897,HOME,OCT,13,1897,HERING,T,0-0,No Poll,RUSH MEDICAL,UNKNOWN,No Poll
1897,HOME,OCT,23,1897,HERING,W,4-0,No Poll,DEPAUW,ARTHUR HAMRICK,No Poll
1897,HOME,OCT,28,1897,HERING,W,62-0,No Poll,CHICAGO DENTAL,UNKNOWN,No Poll
1897,AWAY,NOV,6,1897,HERING,L,5-34,No Poll,CHICAGO,AMOS ALONZO STAGG,No Poll
1897,HOME,NOV,13,1897,HERING,W,60-0,No Poll,ST. VIATOR,UNKNOWN,No Poll
1897,HOME,NOV,25,1897,HERING,W,34-6,No Poll,MICHIGAN STATE,HENRY KEEP,No Poll
1898,AWAY,OCT,8,1898,HERING,W,5-0,No Poll,ILLINOIS,FRED SMITH,No Poll
1898,HOME,OCT,15,1898,HERING,W,53-0,No Poll,MICHIGAN STATE,HENRY KEEP,No Poll
1898,AWAY,OCT,23,1898,HERING,L,0-23,No Poll,MICHIGAN,GUSTAVE FERBERT,No Poll
1898,HOME,OCT,29,1898,HERING,W,32-0,No Poll,DEPAUW,SAMUEL K. RUICK,No Poll
1898,HOME,NOV,5,1898,HERING,L,5-11,No Poll,INDIANA,JAMES HORNE,No Poll
1898,AWAY,NOV,19,1898,HERING,W,60-0,No Poll,ALBION,COACH JACOBS,No Poll
1899,HOME,SEP,27,1899,McWEENEY,W,29-5,No Poll,ENGLEWOOD HS,UNKNOWN,No Poll
1899,HOME,SEP,30,1899,McWEENEY,W,40-0,No Poll,MICHIGAN STATE,CHARLES BEMIES,No Poll
1899,AWAY,OCT,4,1899,McWEENEY,L,6-23,No Poll,CHICAGO,AMOS ALONZO STAGG,No Poll
1899,HOME,OCT,14,1899,McWEENEY,W,38-0,No Poll,LAKE FOREST,D.H. JACKSON,No Poll
1899,AWAY,OCT,18,1899,McWEENEY,L,0-12,No Poll,MICHIGAN,GUSTAVE FERBERT,No Poll
1899,HOME,OCT,23,1899,McWEENEY,W,17-0,No Poll,INDIANA,JAMES HORNE,No Poll
1899,HOME,OCT,27,1899,McWEENEY,W,12-0,No Poll,NORTHWESTERN,C.M. HOLLISTER,No Poll
1899,HOME,NOV,4,1899,McWEENEY,W,17-0,No Poll,RUSH MEDICAL,UNKNOWN,No Poll
1899,AWAY,NOV,18,1899,McWEENEY,T,10-10,No Poll,PURDUE,ALPHA JAMISON,No Poll
1899,HOME,NOV,30,1899,McWEENEY,L,0-5,No Poll,CHICAGO PHYSICIANS,UNKNOWN,No Poll
1900,HOME,SEP,29,1900,O'DEA,W,55-0,No Poll,GOSHEN,UNKNOWN,No Poll
1900,HOME,OCT,6,1900,O'DEA,W,68-0,No Poll,ENGLEWOOD HS,UNKNOWN,No Poll
1900,HOME,OCT,13,1900,O'DEA,W,64-0,No Poll,SB HOWARD PARK,UNKNOWN,No Poll
1900,HOME,OCT,20,1900,O'DEA,W,58-0,No Poll,CINCINNATI,DAN REED,No Poll
1900,AWAY,OCT,25,1900,O'DEA,L,0-6,No Poll,INDIANA,JAMES HORNE,No Poll
1900,HOME,NOV,3,1900,O'DEA,T,6-6,No Poll,BELOIT,JOHN HOLLISTER,No Poll
1900,AWAY,NOV,10,1900,O'DEA,L,0-54,No Poll,WISCONSIN,PHIL KING,No Poll
1900,AWAY,NOV,17,1900,O'DEA,L,0-7,No Poll,MICHIGAN,LANGDON (BIFF) LEA,No Poll
1900,HOME,NOV,24,1900,O'DEA,W,5-0,No Poll,RUSH MEDICAL,UNKNOWN,No Poll
1900,HOME,NOV,29,1900,O'DEA,W,5-0,No Poll,CHICAGO PHYSICIANS,UNKNOWN,No Poll
1901,HOME,SEP,28,1901,O'DEA,T,0-0,No Poll,SOUTH BEND AC,UNKNOWN,No Poll
1901,AWAY,OCT,5,1901,O'DEA,W,6-0,No Poll,OHIO MEDICAL,UNKNOWN,No Poll
1901,AWAY,OCT,12,1901,O'DEA,L,0-2,No Poll,NORTHWESTERN,C.M. HOLLISTER,No Poll
1901,HOME,OCT,19,1901,O'DEA,W,32-0,No Poll,CHICAGO MEDICAL,UNKNOWN,No Poll
1901,AWAY,OCT,26,1901,O'DEA,W,5-0,No Poll,BELOIT,JOHN HOLLISTER,No Poll
1901,HOME,NOV,2,1901,O'DEA,W,16-0,No Poll,LAKE FOREST,UNKNOWN,No Poll
1901,HOME,NOV,9,1901,O'DEA,W,12-6,No Poll,PURDUE,D.M. BALLIET,No Poll
1901,HOME,NOV,16,1901,O'DEA,W,18-5,No Poll,INDIANA,JAMES HORNE,No Poll
1901,HOME,NOV,23,1901,O'DEA,W,34-0,No Poll,CHICAGO PHYSICIANS,UNKNOWN,No Poll
1901,HOME,NOV,28,1901,O'DEA,W,22-6,No Poll,SOUTH BEND AC,UNKNOWN,No Poll
1902,HOME,SEP,27,1902,FARAGHER,W,33-0,No Poll,MICHIGAN STATE,GEORGE DENMAN,No Poll
1902,HOME,OCT,11,1902,FARAGHER,W,28-0,No Poll,LAKE FOREST,CLARENCE HERSCHBERGER,No Poll
1902,TOLEDO,OCT,18,1902,FARAGHER,L,0-23,No Poll,MICHIGAN,FIELDING YOST,No Poll
1902,AWAY,OCT,25,1902,FARAGHER,W,11-5,No Poll,INDIANA,JAMES HORNE,No Poll
1902,AWAY,NOV,1,1902,FARAGHER,W,6-5,No Poll,OHIO MEDICAL,UNKNOWN,No Poll
1902,AWAY,NOV,8,1902,FARAGHER,L,5-12,No Poll,KNOX,UNKNOWN,No Poll
1902,HOME,NOV,15,1902,FARAGHER,W,92-0,No Poll,AMERICAN MEDICAL,UNKNOWN,No Poll
1902,HOME,NOV,22,1902,FARAGHER,W,22-0,No Poll,DEPAUW,JAMES H. HENRY,No Poll
1902,AWAY,NOV,27,1902,FARAGHER,T,6-6,No Poll,PURDUE,C.M. BEST,No Poll
1903,HOME,OCT,3,1903,FARAGHER,W,12-0,No Poll,MICHIGAN STATE,CHESTER BREWER,No Poll
1903,HOME,OCT,10,1903,FARAGHER,W,28-0,No Poll,LAKE FOREST,CLARENCE HERSCHBERGER,No Poll
1903,HOME,OCT,17,1903,FARAGHER,W,56-0,No Poll,DEPAUW,CHAUNCEY L. BERRIEN,No Poll
1903,HOME,OCT,24,1903,FARAGHER,W,52-0,No Poll,AMERICAN MEDICAL,UNKNOWN,No Poll
1903,HOME,OCT,29,1903,FARAGHER,W,46-0,No Poll,CHICAGO PHYSICIANS,UNKNOWN,No Poll
1903,HOME,NOV,7,1903,FARAGHER,W,28-0,No Poll,MISSOURI OSTEOPATHS,UNKNOWN,No Poll
1903,AWAY,NOV,14,1903,FARAGHER,T,0-0,No Poll,NORTHWESTERN,WALTER McCORNACK,No Poll
1903,AWAY,NOV,21,1903,FARAGHER,W,35-0,No Poll,OHIO MEDICAL,UNKNOWN,No Poll
1903,AWAY,NOV,26,1903,FARAGHER,W,35-0,No Poll,WABASH,TUG WILSON,No Poll
1904,HOME,OCT,1,1904,SALMON,W,12-4,No Poll,WABASH,FRANCIS CAYOU,No Poll
1904,HOME,OCT,8,1904,SALMON,W,44-0,No Poll,AMERICAN MEDICAL,UNKNOWN,No Poll
1904,MILWAUKEE,OCT,15,1904,SALMON,L,0-58,No Poll,WISCONSIN,ART CURTIS,No Poll
1904,AWAY,OCT,22,1904,SALMON,W,17-5,No Poll,OHIO MEDICAL,UNKNOWN,No Poll
1904,HOME,OCT,27,1904,SALMON,W,6-0,No Poll,TOLEDO AA,UNKNOWN,No Poll
1904,AWAY,NOV,5,1904,SALMON,L,5-24,No Poll,KANSAS,BERT KENNEDY,No Poll
1904,HOME,NOV,19,1904,SALMON,W,10-0,No Poll,DEPAUW,J.M. McFADDEN,No Poll
1904,AWAY,NOV,24,1904,SALMON,L,0-36,No Poll,PURDUE,OLIVER CUTTS,No Poll
1905,HOME,SEP,30,1905,McGLEW,W,44-0,No Poll,NO DIVISION HS,UNKNOWN,No Poll
1905,HOME,OCT,7,1905,McGLEW,W,28-0,No Poll,MICHIGAN STATE,CHESTER BREWER,No Poll
1905,MILWAUKEE,OCT,14,1905,McGLEW,L,0-21,No Poll,WISCONSIN,PHIL KING,No Poll
1905,HOME,OCT,21,1905,McGLEW,L,0-5,No Poll,WABASH,FRANCIS CAYOU,No Poll
1905,HOME,OCT,28,1905,McGLEW,W,142-0,No Poll,AMERICAN MEDICAL,UNKNOWN,No Poll
1905,HOME,NOV,4,1905,McGLEW,W,71-0,No Poll,DEPAUW,O.H. LUCK,No Poll
1905,AWAY,NOV,11,1905,McGLEW,L,5-22,No Poll,INDIANA,JAMES SHELDON,No Poll
1905,HOME,NOV,18,1905,McGLEW,W,22-0,No Poll,BENNETT MEDICAL,UNKNOWN,No Poll
1905,AWAY,NOV,24,1905,McGLEW,L,0-32,No Poll,PURDUE,A.E. HERNSTEIN,No Poll
1906,HOME,OCT,6,1906,BARRY,W,26-0,No Poll,FRANKLIN,UNKNOWN,No Poll
1906,HOME,OCT,13,1906,BARRY,W,17-0,No Poll,HILLSDALE,WILLIAM BOONE,No Poll
1906,HOME,OCT,20,1906,BARRY,W,28-0,No Poll,CHICAGO PHYSICIANS,UNKNOWN,No Poll
1906,HOME,OCT,27,1906,BARRY,W,5-0,No Poll,MICHIGAN STATE,CHESTER BREWER,No Poll
1906,AWAY,NOV,3,1906,BARRY,W,2-0,No Poll,PURDUE,M.E. WITHAM,No Poll
1906,INDIANAPOLIS,NOV,10,1906,BARRY,L,0-12,No Poll,INDIANA,JAMES SHELDON,No Poll
1906,HOME,NOV,24,1906,BARRY,W,29-0,No Poll,BELOIT,CHARLES FAIRWEATHER,No Poll
1907,HOME,OCT,12,1907,BARRY,W,32-0,No Poll,CHICAGO PHYSICIANS,UNKNOWN,No Poll
1907,HOME,OCT,19,1907,BARRY,W,23-0,No Poll,FRANKLIN,UNKNOWN,No Poll
1907,HOME,OCT,26,1907,BARRY,W,22-4,No Poll,OLIVET,UNKNOWN,No Poll
1907,HOME,NOV,2,1907,BARRY,T,0-0,No Poll,INDIANA,JAMES SHELDON,No Poll
1907,HOME,NOV,9,1907,BARRY,W,22-4,No Poll,KNOX,UNKNOWN,No Poll
1907,AWAY,NOV,23,1907,BARRY,W,17-0,No Poll,PURDUE,L.C. TURNER,No Poll
1907,HOME,NOV,28,1907,BARRY,W,21-12,No Poll,ST. VINCENT'S,UNKNOWN,No Poll
1908,HOME,OCT,3,1908,PLACE,W,39-0,No Poll,HILLSDALE,HERBERT C. REED,No Poll
1908,HOME,OCT,10,1908,PLACE,W,64-0,No Poll,FRANKLIN,UNKNOWN,No Poll
1908,AWAY,OCT,17,1908,PLACE,L,6-12,No Poll,MICHIGAN,FIELDING YOST,No Poll
1908,HOME,OCT,24,1908,PLACE,W,88-0,No Poll,CHICAGO PHYSICIANS,UNKNOWN,No Poll
1908,HOME,OCT,29,1908,PLACE,W,58-4,No Poll,OHIO NORTHERN,SNUFF MacKOWAN,No Poll
1908,INDIANAPOLIS,NOV,7,1908,PLACE,W,11-0,No Poll,INDIANA,JAMES SHELDON,No Poll
1908,AWAY,NOV,13,1908,PLACE,W,8-4,No Poll,WABASH,RALPH JONES,No Poll
1908,HOME,NOV,18,1908,PLACE,W,46-0,No Poll,ST. VIATOR,UNKNOWN,No Poll
1908,AWAY,NOV,26,1908,PLACE,W,6-0,No Poll,MARQUETTE,WILLIAM JUNEAU,No Poll
1909,HOME,OCT,9,1909,LONGMAN,W,58-0,No Poll,OLIVET,UNKNOWN,No Poll
1909,HOME,OCT,16,1909,LONGMAN,W,60-11,No Poll,ROSE POLY,UNKNOWN,No Poll
1909,HOME,OCT,23,1909,LONGMAN,W,17-0,No Poll,MICHIGAN STATE,CHESTER BREWER,No Poll
1909,AWAY,OCT,30,1909,LONGMAN,W,6-0,No Poll,PITT,JOSEPH THOMPSON,No Poll
1909,AWAY,NOV,6,1909,LONGMAN,W,11-3,No Poll,MICHIGAN,FIELDING YOST,No Poll
1909,HOME,NOV,13,1909,LONGMAN,W,46-0,No Poll,MIAMI-OHIO,HAROLD IDDINGS,No Poll
1909,HOME,NOV,20,1909,LONGMAN,W,38-0,No Poll,WABASH,JESSE HARPER,No Poll
1909,AWAY,NOV,25,1909,LONGMAN,T,0-0,No Poll,MARQUETTE,WILLIAM JUNEAU,No Poll
1910,HOME,OCT,8,1910,LONGMAN,W,48-0,No Poll,OLIVET,UNKNOWN,No Poll
1910,HOME,OCT,22,1910,LONGMAN,W,51-0,No Poll,BUTCHEL,UNKNOWN,No Poll
1910,AWAY,OCT,29,1910,LONGMAN,L,0-17,No Poll,MICHIGAN STATE,CHESTER BREWER,No Poll
1910,AWAY,NOV,12,1910,LONGMAN,W,41-3,No Poll,ROSE POLY,UNKNOWN,No Poll
1910,HOME,NOV,19,1910,LONGMAN,W,47-0,No Poll,OHIO NORTHERN,THOMAS J. SMULL,No Poll
1910,AWAY,NOV,24,1910,LONGMAN,T,5-5,No Poll,MARQUETTE,WILLIAM JUNEAU,No Poll
1911,HOME,OCT,7,1911,MARKS,W,32-6,No Poll,OHIO NORTHERN,REV. M.J. BRADSHAW,No Poll
1911,HOME,OCT,14,1911,MARKS,W,43-0,No Poll,ST. VIATOR,UNKNOWN,No Poll
1911,HOME,OCT,21,1911,MARKS,W,27-0,No Poll,BUTLER,DAVE ALLERDICE,No Poll
1911,HOME,OCT,28,1911,MARKS,W,80-0,No Poll,LOYOLA-CHICAGO,UNKNOWN,No Poll
1911,AWAY,NOV,4,1911,MARKS,T,0-0,No Poll,PITT,JOSEPH THOMPSON,No Poll
1911,HOME,NOV,11,1911,MARKS,W,34-0,No Poll,ST. BONAVENTURE,D. PICKETT,No Poll
1911,AWAY,NOV,20,1911,MARKS,W,6-3,No Poll,WABASH,JESSE HARPER,No Poll
1911,AWAY,NOV,30,1911,MARKS,T,0-0,No Poll,MARQUETTE,WILLIAM JUNEAU,No Poll
1912,HOME,OCT,5,1912,MARKS,W,116-7,No Poll,ST. VIATOR,UNKNOWN,No Poll
1912,HOME,OCT,12,1912,MARKS,W,74-7,No Poll,ADRIAN,TOM LEITH,No Poll
1912,HOME,OCT,19,1912,MARKS,W,39-0,No Poll,MORRIS HARVEY,UNKNOWN,No Poll
1912,HOME,OCT,26,1912,MARKS,W,41-6,No Poll,WABASH,JESSE HARPER,No Poll
1912,AWAY,NOV,2,1912,MARKS,W,3-0,No Poll,PITT,JOSEPH THOMPSON,No Poll
1912,AWAY,NOV,9,1912,MARKS,W,47-7,No Poll,ST. LOUIS,UNKNOWN,No Poll
1912,CHICAGO,NOV,28,1912,MARKS,W,69-0,No Poll,MARQUETTE,C. J. KENNEY,No Poll
1913,HOME,OCT,4,1913,HARPER,W,87-0,No Poll,OHIO NORTHERN,CARL PETERS,No Poll
1913,HOME,OCT,18,1913,HARPER,W,20-7,No Poll,SOUTH DAKOTA,JAMES HENDERSON,No Poll
1913,HOME,OCT,25,1913,HARPER,W,62-0,No Poll,ALMA,W.C. BLAEMASTER,No Poll
1913,AWAY,NOV,1,1913,HARPER,W,35-13,No Poll,ARMY,CHARLES DALY,No Poll
1913,AWAY,NOV,7,1913,HARPER,W,14-7,No Poll,PENN STATE,BILL HOLLENBACK,No Poll
1913,AWAY,NOV,22,1913,HARPER,W,20-7,No Poll,CHRISTIAN BROTHERS,UNKNOWN,No Poll
1913,AWAY,NOV,27,1913,HARPER,W,30-7,No Poll,TEXAS,DAVE ALLERDICE,No Poll
1914,HOME,OCT,3,1914,HARPER,W,56-0,No Poll,ALMA,W.C. BLAEMASTER,No Poll
1914,HOME,OCT,10,1914,HARPER,W,103-0,No Poll,ROSE POLY,UNKNOWN,No Poll
1914,AWAY,OCT,17,1914,HARPER,L,0-28,No Poll,YALE,FRANK HINKEY,No Poll
1914,SIOUX FALLS,OCT,24,1914,HARPER,W,33-0,No Poll,SOUTH DAKOTA,"ION J, CORTRIGHT",No Poll
1914,HOME,OCT,31,1914,HARPER,W,20-7,No Poll,HASKELL,DOC KENNEDY,No Poll
1914,AWAY,NOV,7,1914,HARPER,L,7-11,No Poll,ARMY,CHARLES DALY,No Poll
1914,CHICAGO,NOV,14,1914,HARPER,W,48-6,No Poll,CARLISLE INDIAN SCHOOL,"GLENN ""POP"" WARNER",No Poll
1914,AWAY,NOV,26,1914,HARPER,W,20-0,No Poll,SYRACUSE,FRANK O'NEILL,No Poll
1915,HOME,OCT,2,1915,HARPER,W,32-0,No Poll,ALMA,W.C. BLAEMASTER,No Poll
1915,HOME,OCT,9,1915,HARPER,W,34-0,No Poll,HASKELL,DOC KENNEDY,No Poll
1915,AWAY,OCT,23,1915,HARPER,L,19-20,No Poll,NEBRASKA,JUMBO STIEHM,No Poll
1915,HOME,OCT,30,1915,HARPER,W,6-0,No Poll,SOUTH DAKOTA,"ION J, CORTRIGHT",No Poll
1915,AWAY,NOV,6,1915,HARPER,W,6-0,No Poll,ARMY,CHARLES DALY,No Poll
1915,AWAY,NOV,13,1915,HARPER,W,41-0,No Poll,CREIGHTON,TOMMY MILLS,No Poll
1915,AWAY,NOV,25,1915,HARPER,W,36-7,No Poll,TEXAS,DAVE ALLERDICE,No Poll
1915,AWAY,NOV,27,1915,HARPER,W,55-2,No Poll,RICE,PHIL ARBUCKLE,No Poll
1916,HOME,SEP,30,1916,HARPER,W,48-0,No Poll,CASE TECH,UNKNOWN,No Poll
1916,AWAY,OCT,7,1916,HARPER,W,48-0,No Poll,WESTERN RESERVE,UNKNOWN,No Poll
1916,HOME,OCT,14,1916,HARPER,W,26-0,No Poll,HASKELL,DOC KENNEDY,No Poll
1916,HOME,OCT,28,1916,HARPER,W,60-0,No Poll,WABASH,PAUL SHEEKS,No Poll
1916,AWAY,NOV,4,1916,HARPER,L,10-30,No Poll,ARMY,CHARLES DALY,No Poll
1916,SIOUX FALLS,NOV,11,1916,HARPER,W,21-0,No Poll,SOUTH DAKOTA,BLAINE McKUSICK,No Poll
1916,AWAY,NOV,18,1916,HARPER,W,14-0,No Poll,MICHIGAN STATE,FRANK SOMMERS,No Poll
1916,HOME,NOV,25,1916,HARPER,W,46-0,No Poll,ALMA,W.C. BLAEMASTER,No Poll
1916,AWAY,NOV,30,1916,HARPER,W,20-0,No Poll,NEBRASKA,E.J. STEWART,No Poll
1917,HOME,OCT,6,1917,HARPER,W,55-0,No Poll,KALAMAZOO,RALPH H. YOUNG,No Poll
1917,AWAY,OCT,13,1917,HARPER,T,0-0,No Poll,WISCONSIN,JOHN RICHARDS,No Poll
1917,AWAY,OCT,20,1917,HARPER,L,0-7,No Poll,NEBRASKA,E.J. STEWART,No Poll
1917,HOME,OCT,27,1917,HARPER,W,40-0,No Poll,SOUTH DAKOTA,BLAINE McKUSICK,No Poll
1917,AWAY,NOV,3,1917,HARPER,W,7-2,No Poll,ARMY,GEOFFREY KEYES,No Poll
1917,AWAY,NOV,10,1917,HARPER,W,13-0,No Poll,MORNINGSIDE,JASON M. SAUNDERSON,No Poll
1917,HOME,NOV,17,1917,HARPER,W,23-0,No Poll,MICHIGAN STATE,CHESTER BREWER,No Poll
1917,AWAY,NOV,24,1917,HARPER,W,3-0,No Poll,WASHINGTON & JEFFERSON,SOL METZGER,No Poll
1918,AWAY,SEP,28,1918,ROCKNE,W,26-6,No Poll,CASE TECH,UNKNOWN,No Poll
1918,AWAY,NOV,2,1918,ROCKNE,W,67-7,No Poll,WABASH,RUSSELL TOWNSEND,No Poll
1918,HOME,NOV,9,1918,ROCKNE,T,7-7,No Poll,GREAT LAKES NTS,UNKNOWN,No Poll
1918,AWAY,NOV,16,1918,ROCKNE,L,7-13,No Poll,MICHIGAN STATE,GEORGE GAUTHIER,No Poll
1918,AWAY,NOV,23,1918,ROCKNE,W,26-6,No Poll,PURDUE,BUTCH SCANLON,No Poll
1918,AWAY,NOV,28,1918,ROCKNE,T,0-0,No Poll,NEBRASKA,W.G. KLINE,No Poll
1919,HOME,OCT,4,1919,ROCKNE,W,14-0,No Poll,KALAMAZOO,RALPH H. YOUNG,No Poll
1919,HOME,OCT,11,1919,ROCKNE,W,60-7,No Poll,MOUNT UNION,GEORGE O'BRIEN,No Poll
1919,AWAY,OCT,18,1919,ROCKNE,W,14-9,No Poll,NEBRASKA,H.F.SCHULTE,No Poll
1919,HOME,OCT,25,1919,ROCKNE,W,53-0,No Poll,WESTERN MICHIGAN,WILLIAM SPAULDING,No Poll
1919,INDIANAPOLIS,NOV,1,1919,ROCKNE,W,16-3,No Poll,INDIANA,JUMBO STIEHM,No Poll
1919,AWAY,NOV,8,1919,ROCKNE,W,12-9,No Poll,ARMY,CHARLES DALY,No Poll
1919,HOME,NOV,15,1919,ROCKNE,W,13-0,No Poll,MICHIGAN STATE,CHESTER BREWER,No Poll
1919,AWAY,NOV,22,1919,ROCKNE,W,33-13,No Poll,PURDUE,BUTCH SCANLON,No Poll
1919,AWAY,NOV,27,1919,ROCKNE,W,14-6,No Poll,MORNINGSIDE,JASON M. SAUNDERSON,No Poll
1920,HOME,OCT,2,1920,ROCKNE,W,39-0,No Poll,KALAMAZOO,RALPH H. YOUNG,No Poll
1920,HOME,OCT,9,1920,ROCKNE,W,41-0,No Poll,WESTERN MICHIGAN,WILLIAM SPAULDING,No Poll
1920,AWAY,OCT,16,1920,ROCKNE,W,16-7,No Poll,NEBRASKA,FRED DAWSON,No Poll
1920,HOME,OCT,23,1920,ROCKNE,W,28-3,No Poll,VALPARAISO,GEORGE KEOGAN,No Poll
1920,AWAY,OCT,30,1920,ROCKNE,W,27-17,No Poll,ARMY,CHARLES DALY,No Poll
1920,HOME,NOV,6,1920,ROCKNE,W,28-0,No Poll,PURDUE,BUTCH SCANLON,No Poll
1920,INDIANAPOLIS,NOV,13,1920,ROCKNE,W,13-10,No Poll,INDIANA,JUMBO STIEHM,No Poll
1920,AWAY,NOV,20,1920,ROCKNE,W,33-7,No Poll,NORTHWESTERN,ELMER McDEVITT,No Poll
1920,AWAY,NOV,25,1920,ROCKNE,W,25-0,No Poll,MICHIGAN STATE,GEORGE CLARK,No Poll
1921,HOME,SEP,24,1921,ROCKNE,W,56-0,No Poll,KALAMAZOO,RALPH H. YOUNG,No Poll
1921,HOME,OCT,1,1921,ROCKNE,W,57-10,No Poll,DEPAUW,FRED M. WALKER,No Poll
1921,AWAY,OCT,8,1921,ROCKNE,L,10-21,No Poll,IOWA,HOWARD JONES,No Poll
1921,AWAY,OCT,15,1921,ROCKNE,W,33-0,No Poll,PURDUE,WILLIAM DIETZ,No Poll
1921,HOME,OCT,22,1921,ROCKNE,W,36-7,No Poll,NEBRASKA,FRED DAWSON,No Poll
1921,INDIANAPOLIS,OCT,29,1921,ROCKNE,W,28-7,No Poll,INDIANA,JUMBO STIEHM,No Poll
1921,AWAY,NOV,5,1921,ROCKNE,W,28-0,No Poll,ARMY,CHARLES DALY,No Poll
1921,POLO GROUNDS,NOV,8,1921,ROCKNE,W,48-0,No Poll,RUTGERS,G. FOSTER SANFORD,No Poll
1921,HOME,NOV,12,1921,ROCKNE,W,42-7,No Poll,HASKELL,MATTY BELL,No Poll
1921,AWAY,NOV,19,1921,ROCKNE,W,21-7,No Poll,MARQUETTE,JACK RYAN,No Poll
1921,HOME,NOV,24,1921,ROCKNE,W,48-0,No Poll,MICHIGAN STATE,ALBERT BARRON,No Poll
1922,HOME,SEP,30,1922,ROCKNE,W,46-0,No Poll,KALAMAZOO,RALPH H. YOUNG,No Poll
1922,HOME,OCT,7,1922,ROCKNE,W,26-0,No Poll,ST. LOUIS,UNKNOWN,No Poll
1922,AWAY,OCT,14,1922,ROCKNE,W,20-0,No Poll,PURDUE,JAMES PHELAN,No Poll
1922,HOME,OCT,21,1922,ROCKNE,W,34-7,No Poll,DEPAUW,JAMES N. ASHMORE,No Poll
1922,AWAY,OCT,28,1922,ROCKNE,W,13-3,No Poll,GEORGIA TECH,WILLIAM ALEXANDER,No Poll
1922,HOME,NOV,4,1922,ROCKNE,W,27-0,No Poll,INDIANA,JAMES HERRON,No Poll
1922,AWAY,NOV,11,1922,ROCKNE,T,0-0,No Poll,ARMY,CHARLES DALY,No Poll
1922,AWAY,NOV,18,1922,ROCKNE,W,31-3,No Poll,BUTLER,HARLAN PAGE,No Poll
1922,FORBES FIELD,NOV,25,1922,ROCKNE,W,19-0,No Poll,CARNEGIE TECH,WALTER STEFFEN,No Poll
1922,AWAY,NOV,30,1922,ROCKNE,L,7-14,No Poll,NEBRASKA,FRED DAWSON,No Poll
1923,HOME,SEP,29,1923,ROCKNE,W,74-0,No Poll,KALAMAZOO,RALPH H. YOUNG,No Poll
1923,HOME,OCT,6,1923,ROCKNE,W,14-0,No Poll,LOMBARD,PAUL J. SCHISSLER,No Poll
1923,EBBETS FIELD,OCT,13,1923,ROCKNE,W,13-0,No Poll,ARMY,JOHN McEWAN,No Poll
1923,AWAY,OCT,20,1923,ROCKNE,W,25-2,No Poll,PRINCETON,BILL ROPER,No Poll
1923,HOME,OCT,27,1923,ROCKNE,W,35-7,No Poll,GEORGIA TECH,WILLIAM ALEXANDER,No Poll
1923,HOME,NOV,3,1923,ROCKNE,W,34-7,No Poll,PURDUE,JAMES PHELAN,No Poll
1923,AWAY,NOV,10,1923,ROCKNE,L,14-28,No Poll,NEBRASKA,FRED DAWSON,No Poll
1923,HOME,NOV,17,1923,ROCKNE,W,34-7,No Poll,BUTLER,HARLAN PAGE,No Poll
1923,AWAY,NOV,24,1923,ROCKNE,W,26-0,No Poll,CARNEGIE TECH,WALTER STEFFEN,No Poll
1923,AWAY,NOV,29,1923,ROCKNE,W,13-0,No Poll,ST. LOUIS,UNKNOWN,No Poll
1924,HOME,OCT,4,1924,ROCKNE,W,40-0,No Poll,LOMBARD,HARRY BELL,No Poll
1924,HOME,OCT,11,1924,ROCKNE,W,34-0,No Poll,WABASH,PETE VAUGHN,No Poll
1924,POLO GROUNDS,OCT,18,1924,ROCKNE,W,13-7,No Poll,ARMY,JOHN McEWAN,No Poll
1924,AWAY,OCT,25,1924,ROCKNE,W,48-10,No Poll,PRINCETON,BILL ROPER,No Poll
1924,HOME,NOV,1,1924,ROCKNE,W,34-3,No Poll,GEORGIA TECH,WILLIAM ALEXANDER,No Poll
1924,AWAY,NOV,8,1924,ROCKNE,W,38-3,No Poll,WISCONSIN,JACK RYAN,No Poll
1924,HOME,NOV,15,1924,ROCKNE,W,34-6,No Poll,NEBRASKA,FRED DAWSON,No Poll
1924,SOLDIER FIELD,NOV,22,1924,ROCKNE,W,13-6,No Poll,NORTHWESTERN,GLENN THISTLEWAITE,No Poll
1924,FORBES FIELD,NOV,29,1924,ROCKNE,W,40-19,No Poll,CARNEGIE TECH,WALTER STEFFEN,No Poll
1924,ROSE BOWL,JAN,1,1925,ROCKNE,W,27-10,No Poll,STANFORD,"GLENN ""POP"" WARNER",No Poll
1925,HOME,SEP,26,1925,ROCKNE,W,41-0,No Poll,BAYLOR,FRANK BRIDGES,No Poll
1925,HOME,OCT,3,1925,ROCKNE,W,69-0,No Poll,LOMBARD,UNKNOWN,No Poll
1925,HOME,OCT,10,1925,ROCKNE,W,19-3,No Poll,BELOIT,TOMMY MILLS,No Poll
1925,YANKEE STADIUM,OCT,17,1925,ROCKNE,L,0-27,No Poll,ARMY,JOHN McEWAN,No Poll
1925,AWAY,OCT,24,1925,ROCKNE,W,19-7,No Poll,MINNESOTA,CLARENCE SPEARS,No Poll
1925,AWAY,OCT,31,1925,ROCKNE,W,13-0,No Poll,GEORGIA TECH,WILLIAM ALEXANDER,No Poll
1925,AWAY,NOV,7,1925,ROCKNE,T,0-0,No Poll,PENN STATE,HUGO BEDZEK,No Poll
1925,HOME,NOV,14,1925,ROCKNE,W,26-0,No Poll,CARNEGIE TECH,WALTER STEFFEN,No Poll
1925,HOME,NOV,21,1925,ROCKNE,W,13-10,No Poll,NORTHWESTERN,GLENN THISTLEWAITE,No Poll
1925,AWAY,NOV,26,1925,ROCKNE,L,0-17,No Poll,NEBRASKA,E.E. BEARG,No Poll
1926,HOME,OCT,2,1926,ROCKNE,W,77-0,No Poll,BELOIT,RAY BOHLER,No Poll
1926,AWAY,OCT,9,1926,ROCKNE,W,20-7,No Poll,MINNESOTA,CLARENCE SPEARS,No Poll
1926,HOME,OCT,16,1926,ROCKNE,W,28-0,No Poll,PENN STATE,HUGO BEDZEK,No Poll
1926,AWAY,OCT,23,1926,ROCKNE,W,28-14,No Poll,NORTHWESTERN,GLENN THISTLEWAITE,No Poll
1926,HOME,OCT,30,1926,ROCKNE,W,28-10,No Poll,GEORGIA TECH,WILLIAM ALEXANDER,No Poll
1926,HOME,NOV,6,1926,ROCKNE,W,26-0,No Poll,INDIANA,HARLAN PAGE,No Poll
1926,YANKEE STADIUM,NOV,13,1926,ROCKNE,W,28-0,No Poll,ARMY,BILL JONES,No Poll
1926,HOME,NOV,20,1926,ROCKNE,W,21-0,No Poll,DRAKE,OSSIE SOLEM,No Poll
1926,FORBES FIELD,NOV,27,1926,ROCKNE,L,0-19,No Poll,CARNEGIE TECH,WALTER STEFFEN,No Poll
1926,AWAY,DEC,4,1926,ROCKNE,W,13-12,No Poll,SOUTHERN CAL,HOWARD JONES,No Poll
1927,HOME,OCT,1,1927,ROCKNE,W,28-7,No Poll,COE,UNKNOWN,No Poll
1927,AWAY,OCT,8,1927,ROCKNE,W,20-0,No Poll,DETROIT,"CHARLES ""GUS"" DORAIS",No Poll
1927,BALTIMORE,OCT,15,1927,ROCKNE,W,19-6,No Poll,NAVY,BILL INGRAM,No Poll
1927,AWAY,OCT,22,1927,ROCKNE,W,19-6,No Poll,INDIANA,HARLAN PAGE,No Poll
1927,HOME,OCT,29,1927,ROCKNE,W,26-7,No Poll,GEORGIA TECH,WILLIAM ALEXANDER,No Poll
1927,HOME,NOV,5,1927,ROCKNE,T,7-7,No Poll,MINNESOTA,CLARENCE SPEARS,No Poll
1927,YANKEE STADIUM,NOV,12,1927,ROCKNE,L,0-18,No Poll,ARMY,BILL JONES,No Poll
1927,AWAY,NOV,19,1927,ROCKNE,W,32-0,No Poll,DRAKE,OSSIE SOLEM,No Poll
1927,SOLDIER FIELD,NOV,26,1927,ROCKNE,W,32-0,No Poll,SOUTHERN CAL,HOWARD JONES,No Poll
1928,HOME,SEP,29,1928,ROCKNE,W,10-0,No Poll,LOYOLA-NEW ORLEANS,CLARK SHAUGHNESSY,No Poll
1928,AWAY,OCT,6,1928,ROCKNE,L,13-52,No Poll,WISCONSIN,GLENN THISTLEWAITE,No Poll
1928,SOLDIER FIELD,OCT,13,1928,ROCKNE,W,19-14,No Poll,NAVY,BILL INGRAM,No Poll
1928,AWAY,OCT,20,1928,ROCKNE,L,0-13,No Poll,GEORGIA TECH,WILLIAM ALEXANDER,No Poll
1928,HOME,OCT,27,1928,ROCKNE,W,32-6,No Poll,DRAKE,OSSIE SOLEM,No Poll
1928,PHILADELPHIA,NOV,3,1928,ROCKNE,W,21-10,No Poll,PENN STATE,HUGO BEDZEK,No Poll
1928,YANKEE STADIUM,NOV,10,1928,ROCKNE,W,22-10,No Poll,ARMY,BILL JONES,No Poll
1928,HOME,NOV,17,1928,ROCKNE,L,13-42,No Poll,CARNEGIE TECH,WALTER STEFFEN,No Poll
1928,AWAY,DEC,1,1928,ROCKNE,L,14-27,No Poll,SOUTHERN CAL,HOWARD JONES,No Poll
1929,AWAY,OCT,5,1929,ROCKNE,W,14-0,No Poll,INDIANA,HARLAN PAGE,No Poll
1929,BALTIMORE,OCT,12,1929,ROCKNE,W,14-7,No Poll,NAVY,BILL INGRAM,No Poll
1929,SOLDIER FIELD,OCT,19,1929,ROCKNE,W,19-0,No Poll,WISCONSIN,GLENN THISTLEWAITE,No Poll
1929,AWAY,OCT,26,1929,ROCKNE,W,19-0,No Poll,CARNEGIE TECH,WALTER STEFFEN,No Poll
1929,AWAY,NOV,2,1929,ROCKNE,W,26-6,No Poll,GEORGIA TECH,WILLIAM ALEXANDER,No Poll
1929,SOLDIER FIELD,NOV,9,1929,ROCKNE,W,19-7,No Poll,DRAKE,OSSIE SOLEM,No Poll
1929,SOLDIER FIELD,NOV,16,1929,ROCKNE,W,13-12,No Poll,SOUTHERN CAL,HOWARD JONES,No Poll
1929,AWAY,NOV,23,1929,ROCKNE,W,26-6,No Poll,NORTHWESTERN,DICK HANLEY,No Poll
1929,YANKEE STADIUM,NOV,30,1929,ROCKNE,W,28-10,No Poll,ARMY,BILL JONES,No Poll
1930,HOME,OCT,4,1930,ROCKNE,W,20-14,No Poll,SO METHODIST,RAY MORRISON,No Poll
1930,HOME,OCT,11,1930,ROCKNE,W,26-2,No Poll,NAVY,BILL INGRAM,No Poll
1930,HOME,OCT,18,1930,ROCKNE,W,21-6,No Poll,CARNEGIE TECH,WALTER STEFFEN,No Poll
1930,AWAY,OCT,25,1930,ROCKNE,W,35-19,No Poll,PITT,JOCK SUTHERLAND,No Poll
1930,HOME,NOV,1,1930,ROCKNE,W,27-0,No Poll,INDIANA,HARLAN PAGE,No Poll
1930,AWAY,NOV,8,1930,ROCKNE,W,60-20,No Poll,PENNSYLVANIA,LUDLOW WRAY,No Poll
1930,HOME,NOV,15,1930,ROCKNE,W,28-7,No Poll,DRAKE,OSSIE SOLEM,No Poll
1930,AWAY,NOV,22,1930,ROCKNE,W,14-0,No Poll,NORTHWESTERN,DICK HANLEY,No Poll
1930,SOLDIER FIELD,NOV,29,1930,ROCKNE,W,14-10,No Poll,ARMY,RALPH SASSE,No Poll
1930,AWAY,DEC,6,1930,ROCKNE,W,27-0,No Poll,SOUTHERN CAL,HOWARD JONES,No Poll
1931,AWAY,OCT,3,1931,ANDERSON,W,25-0,No Poll,INDIANA,EARLE HAYES,No Poll
1931,SOLDIER FIELD,OCT,10,1931,ANDERSON,T,0-0,No Poll,NORTHWESTERN,DICK HANLEY,No Poll
1931,HOME,OCT,17,1931,ANDERSON,W,63-0,No Poll,DRAKE,OSSIE SOLEM,No Poll
1931,HOME,OCT,24,1931,ANDERSON,W,25-12,No Poll,PITT,JOCK SUTHERLAND,No Poll
1931,AWAY,OCT,31,1931,ANDERSON,W,19-0,No Poll,CARNEGIE TECH,WALTER STEFFEN,No Poll
1931,HOME,NOV,7,1931,ANDERSON,W,49-0,No Poll,PENNSYLVANIA,HARVEY HARMAN,No Poll
1931,BALTIMORE,NOV,14,1931,ANDERSON,W,20-0,No Poll,NAVY,RIP MILLER,No Poll
1931,HOME,NOV,21,1931,ANDERSON,L,14-16,No Poll,SOUTHERN CAL,HOWARD JONES,No Poll
1931,YANKEE STADIUM,NOV,28,1931,ANDERSON,L,0-12,No Poll,ARMY,RALPH SASSE,No Poll
1932,HOME,OCT,8,1932,ANDERSON,W,73-0,No Poll,HASKELL,WILLIAM DIETZ,No Poll
1932,HOME,OCT,15,1932,ANDERSON,W,62-0,No Poll,DRAKE,EVAN WILLIAMS,No Poll
1932,HOME,OCT,22,1932,ANDERSON,W,42-0,No Poll,CARNEGIE TECH,WALTER STEFFEN,No Poll
1932,AWAY,OCT,29,1932,ANDERSON,L,0-12,No Poll,PITT,JOCK SUTHERLAND,No Poll
1932,AWAY,NOV,5,1932,ANDERSON,W,24-6,No Poll,KANSAS,AD LINDSEY,No Poll
1932,HOME,NOV,12,1932,ANDERSON,W,21-0,No Poll,NORTHWESTERN,DICK HANLEY,No Poll
1932,CLEVELAND,NOV,19,1932,ANDERSON,W,22-10,No Poll,NAVY,RIP MILLER,No Poll
1932,YANKEE STADIUM,NOV,26,1932,ANDERSON,W,21-0,No Poll,ARMY,RALPH SASSE,No Poll
1932,AWAY,DEC,10,1932,ANDERSON,L,0-13,No Poll,SOUTHERN CAL,HOWARD JONES,No Poll
1933,HOME,OCT,7,1933,ANDERSON,T,0-0,No Poll,KANSAS,AD LINDSEY,No Poll
1933,AWAY,OCT,14,1933,ANDERSON,W,22-10,No Poll,INDIANA,EARLE HAYES,No Poll
1933,AWAY,OCT,21,1933,ANDERSON,L,21-0,No Poll,CARNEGIE TECH,HOWARD HARPSTER,No Poll
1933,HOME,OCT,28,1933,ANDERSON,L,0-14,No Poll,PITT,JOCK SUTHERLAND,No Poll
1933,BALTIMORE,NOV,4,1933,ANDERSON,L,0-7,No Poll,NAVY,RIP MILLER,No Poll
1933,HOME,NOV,11,1933,ANDERSON,L,0-19,No Poll,PURDUE,NOBLE KIZER,No Poll
1933,AWAY,NOV,18,1933,ANDERSON,W,21-10,No Poll,NORTHWESTERN,DICK HANLEY,No Poll
1933,HOME,NOV,25,1933,ANDERSON,L,0-19,No Poll,SOUTHERN CAL,HOWARD JONES,No Poll
1933,YANKEE STADIUM,DEC,2,1933,ANDERSON,W,13-12,No Poll,ARMY,GAR DAVIDSON,No Poll
1934,HOME,OCT,6,1934,LAYDEN,L,13-42,No Poll,TEXAS,JACK CHEVIGNY,No Poll
1934,HOME,OCT,13,1934,LAYDEN,W,18-7,No Poll,PURDUE,NOBLE KIZER,No Poll
1934,HOME,OCT,20,1934,LAYDEN,W,13-0,No Poll,CARNEGIE TECH,HOWARD HARPSTER,No Poll
1934,HOME,OCT,27,1934,LAYDEN,W,19-0,No Poll,WISCONSIN,CLARENCE SPEARS,No Poll
1934,AWAY,NOV,3,1934,LAYDEN,L,0-19,No Poll,PITT,JOCK SUTHERLAND,No Poll
1934,CLEVELAND,NOV,10,1934,LAYDEN,L,7-10,No Poll,NAVY,TOM HAMILTON,No Poll
1934,AWAY,NOV,17,1934,LAYDEN,W,20-7,No Poll,NORTHWESTERN,DICK HANLEY,No Poll
1934,YANKEE STADIUM,NOV,24,1934,LAYDEN,W,20-7,No Poll,ARMY,GAR DAVIDSON,No Poll
1934,AWAY,DEC,8,1934,LAYDEN,W,14-0,No Poll,SOUTHERN CAL,HOWARD JONES,No Poll
1935,HOME,SEP,28,1935,LAYDEN,W,28-7,No Poll,KANSAS,AD LINDSEY,No Poll
1935,AWAY,OCT,5,1935,LAYDEN,W,14-3,No Poll,CARNEGIE TECH,HOWARD HARPSTER,No Poll
1935,AWAY,OCT,12,1935,LAYDEN,W,27-0,No Poll,WISCONSIN,CLARENCE SPEARS,No Poll
1935,HOME,OCT,19,1935,LAYDEN,W,14-0,No Poll,PITT,JOCK SUTHERLAND,No Poll
1935,BALTIMORE,OCT,26,1935,LAYDEN,W,14-0,No Poll,NAVY,TOM HAMILTON,No Poll
1935,AWAY,NOV,2,1935,LAYDEN,W,18-13,No Poll,OHIO STATE,FRANCIS SCHMIDT,No Poll
1935,HOME,NOV,9,1935,LAYDEN,L,14-52,No Poll,NORTHWESTERN,PAPPY WALDORF,No Poll
1935,YANKEE STADIUM,NOV,16,1935,LAYDEN,T,10-10,No Poll,ARMY,GAR DAVIDSON,No Poll
1935,HOME,NOV,23,1935,LAYDEN,W,20-13,No Poll,SOUTHERN CAL,HOWARD JONES,No Poll
1936,HOME,OCT,3,1936,LAYDEN,W,21-7,No Poll,CARNEGIE TECH,HOWARD HARPSTER,No Poll
1936,HOME,OCT,10,1936,LAYDEN,W,14-6,No Poll,WASHINGTON-ST. LOUIS,JIMMY CONZELMAN,No Poll
1936,HOME,OCT,17,1936,LAYDEN,W,27-0,No Poll,WISCONSIN,HARRY STUHLDREHER,No Poll
1936,AWAY,OCT,24,1936,LAYDEN,L,0-26,7,PITT,JOCK SUTHERLAND,9
1936,HOME,OCT,31,1936,LAYDEN,W,27-0,Not Ranked,OHIO STATE,FRANCIS SCHMIDT,Not Ranked
1936,BALTIMORE,NOV,7,1936,LAYDEN,L,0-3,13,NAVY,TOM HAMILTON,Not Ranked
1936,YANKEE STADIUM,NOV,14,1936,LAYDEN,W,20-6,Not Ranked,ARMY,GAR DAVIDSON,Not Ranked
1936,HOME,NOV,21,1936,LAYDEN,W,26-6,11,NORTHWESTERN,PAPPY WALDORF,1
1936,AWAY,DEC,5,1936,LAYDEN,T,13-13,9,SOUTHERN CAL,HOWARD JONES,Not Ranked
1937,HOME,OCT,2,1937,LAYDEN,W,21-0,No Poll,DRAKE,VEE GREEN,No Poll
1937,AWAY,OCT,9,1937,LAYDEN,T,0-0,No Poll,ILLINOIS,BOB ZUPPKE,No Poll
1937,AWAY,OCT,16,1937,LAYDEN,L,10-28,No Poll,CARNEGIE TECH,BILL KERN,No Poll
1937,HOME,OCT,23,1937,LAYDEN,W,21-0,Not Ranked,NAVY,HANK HARDWICK,Not Ranked
1937,AWAY,OCT,30,1937,LAYDEN,W,13-6,Not Ranked,MINNESOTA,BERNIE BIERMAN,4
1937,HOME,NOV,6,1937,LAYDEN,L,52-0,12,PITT,JOCK SUTHERLAND,3
1937,YANKEE STADIUM,NOV,13,1937,LAYDEN,W,14-6,18,ARMY,GAR DAVIDSON,Not Ranked
1937,AWAY,NOV,20,1937,LAYDEN,W,20-14,12,NORTHWESTERN,PAPPY WALDORF,Not Ranked
1937,HOME,NOV,27,1937,LAYDEN,W,13-6,9,SOUTHERN CAL,HOWARD JONES,Not Ranked
1938,HOME,OCT,1,1938,LAYDEN,W,52-0,No Poll,KANSAS,AD LINDSEY,No Poll
1938,AWAY,OCT,8,1938,LAYDEN,W,14-6,No Poll,GEORGIA TECH,WILLIAM ALEXANDER,No Poll
1938,HOME,OCT,15,1938,LAYDEN,W,14-6,No Poll,ILLINOIS,BOB ZUPPKE,No Poll
1938,HOME,OCT,22,1938,LAYDEN,W,14-10,5,CARNEGIE TECH,BILL KERN,13
1938,YANKEE STADIUM,OCT,29,1938,LAYDEN,W,19-7,7,ARMY,WILLIAM WOOD,Not Ranked
1938,BALTIMORE,NOV,5,1938,LAYDEN,W,15-0,4,NAVY,HANK HARDWICK,Not Ranked
1938,HOME,NOV,12,1938,LAYDEN,W,19-0,2,MINNESOTA,BERNIE BIERMAN,12
1938,AWAY,NOV,19,1938,LAYDEN,W,21-20,1,NORTHWESTERN,PAPPY WALDORF,16
1938,AWAY,DEC,3,1938,LAYDEN,L,0-13,1,SOUTHERN CAL,HOWARD JONES,8
1939,HOME,SEP,30,1939,LAYDEN,W,10-7,No Poll,PURDUE,MAL ELWARD,No Poll
1939,HOME,OCT,7,1939,LAYDEN,W,17-14,No Poll,GEORGIA TECH,WILLIAM ALEXANDER,No Poll
1939,HOME,OCT,14,1939,LAYDEN,W,20-19,No Poll,SO METHODIST,MATTY BELL,No Poll
1939,CLEVELAND,OCT,21,1939,LAYDEN,W,14-7,2,NAVY,SWEDE LARSON,Not Ranked
1939,AWAY,OCT,28,1939,LAYDEN,W,14-10,2,CARNEGIE TECH,BILL KERN,Not Ranked
1939,YANKEE STADIUM,NOV,4,1939,LAYDEN,W,14-0,4,ARMY,WILLIAM WOOD,Not Ranked
1939,AWAY,NOV,11,1939,LAYDEN,L,14-28,3,IOWA,EDDIE ANDERSON,Not Ranked
1939,HOME,NOV,18,1939,LAYDEN,W,19-14,9,NORTHWESTERN,PAPPY WALDORF,Not Ranked
1939,HOME,NOV,25,1939,LAYDEN,L,10-42,7,SOUTHERN CAL,HOWARD JONES,4
1940,HOME,OCT,5,1940,LAYDEN,W,25-7,No Poll,PACIFIC,AMOS ALONZO STAGG,No Poll
1940,HOME,OCT,12,1940,LAYDEN,W,26-20,No Poll,GEORGIA TECH,WILLIAM ALEXANDER,No Poll
1940,HOME,OCT,19,1940,LAYDEN,W,61-0,6,CARNEGIE TECH,EDWARD BAKER,Not Ranked
1940,AWAY,OCT,26,1940,LAYDEN,W,26-0,2,ILLINOIS,BOB ZUPPKE,Not Ranked
1940,YANKEE STADIUM,NOV,2,1940,LAYDEN,W,21-0,2,ARMY,WILLIAM WOOD,Not Ranked
1940,BALTIMORE,NOV,9,1940,LAYDEN,W,13-7,7,NAVY,SWEDE LARSON,Not Ranked
1940,HOME,NOV,16,1940,LAYDEN,L,0-7,7,IOWA,EDDIE ANDERSON,Not Ranked
1940,AWAY,NOV,23,1940,LAYDEN,L,0-20,14,NORTHWESTERN,PAPPY WALDORF,10
1940,AWAY,DEC,7,1940,LAYDEN,W,13-10,Not Ranked,SOUTHERN CAL,HOWARD JONES,Not Ranked
1941,HOME,SEP,27,1941,LEAHY,W,38-7,No Poll,ARIZONA,MILES CASTEEL,No Poll
1941,HOME,OCT,4,1941,LEAHY,W,19-6,No Poll,INDIANA,BO McMILLIN,No Poll
1941,AWAY,OCT,11,1941,LEAHY,W,20-0,No Poll,GEORGIA TECH,WILLIAM ALEXANDER,No Poll
1941,AWAY,OCT,18,1941,LEAHY,W,16-0,8,CARNEGIE TECH,EDWARD BAKER,Not Ranked
1941,HOME,OCT,25,1941,LEAHY,W,49-14,7,ILLINOIS,BOB ZUPPKE,Not Ranked
1941,YANKEE STADIUM,NOV,1,1941,LEAHY,T,0-0,6,ARMY,EARL BLAIK,14
1941,BALTIMORE,NOV,8,1941,LEAHY,W,20-13,7,NAVY,SWEDE LARSON,6
1941,AWAY,NOV,15,1941,LEAHY,W,21-14,5,NORTHWESTERN,PAPPY WALDORF,8
1941,HOME,NOV,22,1941,LEAHY,W,20-18,4,SOUTHERN CAL,SAM BARRY,Not Ranked
1942,AWAY,SEP,26,1942,LEAHY,T,14-14,No Poll,WISCONSIN,HARRY STUHLDREHER,No Poll
1942,HOME,OCT,3,1942,LEAHY,L,13-26,No Poll,GEORGIA TECH,WILLIAM ALEXANDER,No Poll
1942,HOME,OCT,10,1942,LEAHY,W,27-0,No Poll,STANFORD,MARCHY SCHWARTZ,No Poll
1942,HOME,OCT,17,1942,LEAHY,W,28-0,No Poll,IOWA PREFLIGHT,BERNIE BIERMAN,No Poll
1942,AWAY,OCT,24,1942,LEAHY,W,21-14,8,ILLINOIS,RAY ELIOT,5
1942,CLEVELAND,OCT,31,1942,LEAHY,W,10-0,4,NAVY,BILLICK MELCHEL,Not Ranked
1942,YANKEE STADIUM,NOV,7,1942,LEAHY,W,13-0,4,ARMY,EARL BLAIK,19
1942,HOME,NOV,14,1942,LEAHY,L,20-32,4,MICHIGAN,FRITZ CRISLER,6
1942,HOME,NOV,21,1942,LEAHY,W,27-20,8,NORTHWESTERN,PAPPY WALDORF,Not Ranked
1942,AWAY,NOV,28,1942,LEAHY,W,13-0,8,SOUTHERN CAL,JEFF CRAVATH,14
1942,SOLDIER FIELD,DEC,5,1942,LEAHY,T,13-13,6,GREAT LAKES NTS,TONY HINKLE,Not Ranked
1943,AWAY,SEP,25,1943,LEAHY,W,41-0,No Poll,PITT,CLARK SHAUGHNESSY,No Poll
1943,HOME,OCT,2,1943,LEAHY,W,55-13,No Poll,GEORGIA TECH,WILLIAM ALEXANDER,No Poll
1943,AWAY,OCT,9,1943,LEAHY,W,35-12,1,MICHIGAN,FRITZ CRISLER,2
1943,AWAY,OCT,16,1943,LEAHY,W,50-0,1,WISCONSIN,HARRY STUHLDREHER,Not Ranked
1943,HOME,OCT,23,1943,LEAHY,W,47-0,1,ILLINOIS,RAY ELIOT,Not Ranked
1943,CLEVELAND,OCT,30,1943,LEAHY,W,33-6,1,NAVY,BILLICK MELCHEL,3
1943,YANKEE STADIUM,NOV,6,1943,LEAHY,W,26-0,1,ARMY,EARL BLAIK,3
1943,AWAY,NOV,13,1943,LEAHY,W,25-6,1,NORTHWESTERN,PAPPY WALDORF,8
1943,HOME,NOV,20,1943,LEAHY,W,14-13,1,IOWA PREFLIGHT,DON FAUROT,2
1943,AWAY,NOV,27,1943,LEAHY,L,14-19,1,GREAT LAKES NTS,TONY HINKLE,Not Ranked
1944,AWAY,SEP,30,1944,McKEEVER,W,58-0,No Poll,PITT,CLARK SHAUGHNESSY,No Poll
1944,HOME,OCT,7,1944,McKEEVER,W,26-0,No Poll,TULANE,"CLAUDE SIMONS, JR.",No Poll
1944,FENWAY PARK,OCT,14,1944,McKEEVER,W,64-0,1,DARTMOUTH,EARL BROWN,Not Ranked
1944,HOME,OCT,21,1944,McKEEVER,W,28-13,1,WISCONSIN,HARRY STUHLDREHER,Not Ranked
1944,AWAY,OCT,28,1944,McKEEVER,W,13-7,1,ILLINOIS,RAY ELIOT,14
1944,BALTIMORE,NOV,4,1944,McKEEVER,L,13-32,2,NAVY,OSCAR HAGBERG,6
1944,YANKEE STADIUM,NOV,11,1944,McKEEVER,L,0-59,5,ARMY,EARL BLAIK,1
1944,HOME,NOV,18,1944,McKEEVER,W,21-0,11,NORTHWESTERN,PAPPY WALDORF,Not Ranked
1944,AWAY,NOV,25,1944,McKEEVER,W,21-0,18,GEORGIA TECH,WILLIAM ALEXANDER,10
1944,HOME,DEC,2,1944,McKEEVER,W,28-7,9,GREAT LAKES NTS,PAUL BROWN,12
1945,HOME,SEP,29,1945,DEVORE,W,21-0,No Poll,ILLINOIS,RAY ELIOT,No Poll
1945,AWAY,OCT,6,1945,DEVORE,W,40-7,No Poll,GEORGIA TECH,BOBBY DODD,No Poll
1945,HOME,OCT,13,1945,DEVORE,W,34-0,3,DARTMOUTH,TUSS McLAUGHRY,Not Ranked
1945,AWAY,OCT,20,1945,DEVORE,W,39-9,3,PITT,CLARK SHAUGHNESSY,Not Ranked
1945,HOME,OCT,27,1945,DEVORE,W,56-0,2,IOWA,CLEM CROWE,Not Ranked
1945,CLEVELAND,NOV,3,1945,DEVORE,T,10-10,2,NAVY,OSCAR HAGBERG,3
1945,YANKEE STADIUM,NOV,10,1945,DEVORE,L,0-48,2,ARMY,EARL BLAIK,1
1945,AWAY,NOV,17,1945,DEVORE,W,34-7,7,NORTHWESTERN,PAPPY WALDORF,Not Ranked
1945,AWAY,NOV,24,1945,DEVORE,W,32-6,5,TULANE,"CLAUDE SIMONS, JR.",Not Ranked
1945,AWAY,DEC,1,1945,DEVORE,L,10-14,5,GREAT LAKES NTS,PAUL BROWN,Not Ranked
1946,AWAY,SEP,28,1946,LEAHY,W,26-6,No Poll,ILLINOIS,RAY ELIOT,No Poll
1946,HOME,OCT,5,1946,LEAHY,W,33-0,No Poll,PITT,WES FESLER,No Poll
1946,HOME,OCT,12,1946,LEAHY,W,49-6,3,PURDUE,CECIL ISBELL,Not Ranked
1946,AWAY,OCT,26,1946,LEAHY,W,41-6,2,IOWA,EDDIE ANDERSON,17
1946,BALTIMORE,NOV,2,1946,LEAHY,W,28-0,2,NAVY,TOM HAMILTON,Not Ranked
1946,YANKEE STADIUM,NOV,9,1946,LEAHY,T,0-0,2,ARMY,EARL BLAIK,1
1946,HOME,NOV,16,1946,LEAHY,W,27-0,2,NORTHWESTERN,PAPPY WALDORF,Not Ranked
1946,AWAY,NOV,23,1946,LEAHY,W,41-0,2,TULANE,HENRY FRNKA,Not Ranked
1946,HOME,NOV,30,1946,LEAHY,W,26-6,2,SOUTHERN CAL,JEFF CRAVATH,16
1947,AWAY,OCT,4,1947,LEAHY,W,40-6,No Poll,PITT,WALTER MILLIGAN,No Poll
1947,AWAY,OCT,11,1947,LEAHY,W,22-7,1,PURDUE,STU HOLCOMB,Not Ranked
1947,HOME,OCT,18,1947,LEAHY,W,31-0,2,NEBRASKA,BERNIE MASTERSON,Not Ranked
1947,HOME,OCT,25,1947,LEAHY,W,21-0,2,IOWA,EDDIE ANDERSON,Not Ranked
1947,CLEVELAND,NOV,1,1947,LEAHY,W,27-0,1,NAVY,TOM HAMILTON,Not Ranked
1947,HOME,NOV,8,1947,LEAHY,W,27-7,1,ARMY,EARL BLAIK,9
1947,AWAY,NOV,15,1947,LEAHY,W,26-19,1,NORTHWESTERN,BOB VOIGHTS,Not Ranked
1947,HOME,NOV,22,1947,LEAHY,W,59-6,2,TULANE,HENRY FRNKA,Not Ranked
1947,AWAY,DEC,6,1947,LEAHY,W,38-7,1,SOUTHERN CAL,JEFF CRAVATH,3
1948,HOME,SEP,25,1948,LEAHY,W,28-27,No Poll,PURDUE,STU HOLCOMB,No Poll
1948,AWAY,OCT,2,1948,LEAHY,W,40-0,No Poll,PITT,WALTER MILLIGAN,No Poll
1948,HOME,OCT,9,1948,LEAHY,W,26-7,1,MICHIGAN STATE,BIGGIE MUNN,Not Ranked
1948,AWAY,OCT,16,1948,LEAHY,W,44-13,2,NEBRASKA,GEORGE CLARK,Not Ranked
1948,AWAY,OCT,23,1948,LEAHY,W,27-12,2,IOWA,EDDIE ANDERSON,Not Ranked
1948,BALTIMORE,OCT,30,1948,LEAHY,W,41-7,2,NAVY,GEORGE SAUER,Not Ranked
1948,AWAY,NOV,6,1948,LEAHY,W,42-6,1,INDIANA,CLYDE SMITH,Not Ranked
1948,HOME,NOV,13,1948,LEAHY,W,42-10,2,NORTHWESTERN,BOB VOIGHTS,8
1948,HOME,NOV,27,1948,LEAHY,W,46-0,2,WASHINGTON,HOWARD ODELL,Not Ranked
1948,AWAY,DEC,4,1948,LEAHY,T,14-14,2,SOUTHERN CAL,JEFF CRAVATH,Not Ranked
1949,HOME,SEP,24,1949,LEAHY,W,49-6,No Poll,INDIANA,CLYDE SMITH,No Poll
1949,AWAY,OCT,1,1949,LEAHY,W,27-7,No Poll,WASHINGTON,HOWARD ODELL,No Poll
1949,AWAY,OCT,8,1949,LEAHY,W,35-12,2,PURDUE,STU HOLCOMB,Not Ranked
1949,HOME,OCT,15,1949,LEAHY,W,46-7,1,TULANE,HENRY FRNKA,4
1949,BALTIMORE,OCT,29,1949,LEAHY,W,40-0,1,NAVY,GEORGE SAUER,Not Ranked
1949,AWAY,NOV,5,1949,LEAHY,W,34-21,1,MICHIGAN STATE,BIGGIE MUNN,10
1949,YANKEE STADIUM,NOV,12,1949,LEAHY,W,42-6,1,NORTH CAROLINA,CARL SNAVELY,Not Ranked
1949,HOME,NOV,19,1949,LEAHY,W,28-7,1,IOWA,EDDIE ANDERSON,Not Ranked
1949,HOME,NOV,26,1949,LEAHY,W,32-0,1,SOUTHERN CAL,JEFF CRAVATH,17
1949,AWAY,DEC,3,1949,LEAHY,W,27-20,1,SO METHODIST,MATTY BELL,Not Ranked
1950,HOME,SEP,30,1950,LEAHY,W,14-7,1,NORTH CAROLINA,CARL SNAVELY,20
1950,HOME,OCT,7,1950,LEAHY,L,14-28,1,PURDUE,STU HOLCOMB,Not Ranked
1950,AWAY,OCT,14,1950,LEAHY,W,13-9,10,TULANE,HENRY FRNKA,Not Ranked
1950,AWAY,OCT,21,1950,LEAHY,L,14-28,11,INDIANA,CLYDE SMITH,Not Ranked
1950,HOME,OCT,28,1950,LEAHY,L,33-36,Not Ranked,MICHIGAN STATE,BIGGIE MUNN,15
1950,CLEVELAND,NOV,4,1950,LEAHY,W,19-10,Not Ranked,NAVY,EDDIE ERDELATZ,Not Ranked
1950,HOME,NOV,11,1950,LEAHY,W,18-7,Not Ranked,PITT,LEN CASANOVA,Not Ranked
1950,AWAY,NOV,18,1950,LEAHY,T,14-14,Not Ranked,IOWA,L. RAFFENSPERGER,Not Ranked
1950,AWAY,DEC,2,1950,LEAHY,L,10-21,Not Ranked,SOUTHERN CAL,JEFF CRAVATH,Not Ranked
1951,HOME,SEP,29,1951,LEAHY,W,48-6,14,INDIANA,BERNIE CRIMMINS,Not Ranked
1951,BRIGGS STADIUM,OCT,5,1951,LEAHY,W,40-6,5,DETROIT,DUTCH CLARK,Not Ranked
1951,HOME,OCT,13,1951,LEAHY,L,20-27,5,SO METHODIST,H.N. RUSSELL,Not Ranked
1951,AWAY,OCT,20,1951,LEAHY,W,33-0,Not Ranked,PITT,TOM HAMILTON,Not Ranked
1951,HOME,OCT,27,1951,LEAHY,W,30-9,15,PURDUE,STU HOLCOMB,Not Ranked
1951,BALTIMORE,NOV,3,1951,LEAHY,W,19-0,13,NAVY,EDDIE ERDELATZ,Not Ranked
1951,AWAY,NOV,10,1951,LEAHY,L,0-35,11,MICHIGAN STATE,BIGGIE MUNN,5
1951,AWAY,NOV,17,1951,LEAHY,W,10-0,Not Ranked,NORTH CAROLINA,CARL SNAVELY,Not Ranked
1951,HOME,NOV,24,1951,LEAHY,T,20-20,Not Ranked,IOWA,L. RAFFENSPERGER,Not Ranked
1951,AWAY,DEC,1,1951,LEAHY,W,19-12,Not Ranked,SOUTHERN CAL,JESS HILL,20
1952,AWAY,SEP,27,1952,LEAHY,T,10-10,10,PENNSYLVANIA,GEORGE MUNGER,12
1952,AWAY,OCT,4,1952,LEAHY,W,14-3,19,TEXAS,ED PRICE,5
1952,HOME,OCT,11,1952,LEAHY,L,19-22,8,PITT,LOWELL DAWSON,Not Ranked
1952,AWAY,OCT,18,1952,LEAHY,W,26-14,Not Ranked,PURDUE,STU HOLCOMB,9
1952,HOME,OCT,25,1952,LEAHY,W,34-14,16,NORTH CAROLINA,CARL SNAVELY,Not Ranked
1952,CLEVELAND,NOV,1,1952,LEAHY,W,17-6,13,NAVY,EDDIE ERDELATZ,Not Ranked
1952,HOME,NOV,8,1952,LEAHY,W,27-21,10,OKLAHOMA,BUD WILKINSON,4
1952,AWAY,NOV,15,1952,LEAHY,L,10-21,6,MICHIGAN STATE,BIGGIE MUNN,1
1952,AWAY,NOV,22,1952,LEAHY,W,27-0,9,IOWA,FOREST EVASHEVSKI,Not Ranked
1952,HOME,NOV,29,1952,LEAHY,W,14-0,7,SOUTHERN CAL,JESS HILL,2
1953,AWAY,SEP,26,1953,LEAHY,W,28-21,1,OKLAHOMA,BUD WILKINSON,6
1953,AWAY,OCT,3,1953,LEAHY,W,37-7,1,PURDUE,STU HOLCOMB,Not Ranked
1953,HOME,OCT,17,1953,LEAHY,W,23-14,1,PITT,LOWELL DAWSON,15
1953,HOME,OCT,24,1953,LEAHY,W,27-14,1,GEORGIA TECH,BOBBY DODD,4
1953,HOME,OCT,31,1953,LEAHY,W,38-7,1,NAVY,EDDIE ERDELATZ,20
1953,AWAY,NOV,7,1953,LEAHY,W,28-20,1,PENNSYLVANIA,GEORGE MUNGER,Not Ranked
1953,AWAY,NOV,14,1953,LEAHY,W,34-14,1,NORTH CAROLINA,GEORGE BARCLAY,Not Ranked
1953,HOME,NOV,21,1953,LEAHY,T,14-14,1,IOWA,FOREST EVASHEVSKI,20
1953,AWAY,NOV,28,1953,LEAHY,W,48-14,2,SOUTHERN CAL,JESS HILL,20
1953,HOME,DEC,5,1953,LEAHY,W,40-14,2,SO METHODIST,CHALMER WOODWARD,Not Ranked
1954,HOME,SEP,25,1954,BRENNAN,W,21-0,2,TEXAS,ED PRICE,4
1954,HOME,OCT,2,1954,BRENNAN,L,14-27,1,PURDUE,STU HOLCOMB,19
1954,AWAY,OCT,9,1954,BRENNAN,W,33-0,8,PITT,LOWELL DAWSON,Not Ranked
1954,HOME,OCT,16,1954,BRENNAN,W,20-19,8,MICHIGAN STATE,DUFFY DAUGHERTY,Not Ranked
1954,BALTIMORE,OCT,30,1954,BRENNAN,W,20-10,6,NAVY,EDDIE ERDELATZ,15
1954,AWAY,NOV,6,1954,BRENNAN,W,42-7,5,PENNSYLVANIA,GEORGE MUNGER,Not Ranked
1954,HOME,NOV,13,1954,BRENNAN,W,42-13,5,NORTH CAROLINA,GEORGE BARCLAY,Not Ranked
1954,AWAY,NOV,20,1954,BRENNAN,W,34-18,4,IOWA,FOREST EVASHEVSKI,19
1954,HOME,NOV,27,1954,BRENNAN,W,23-17,4,SOUTHERN CAL,JESS HILL,17
1954,AWAY,DEC,4,1954,BRENNAN,W,26-14,4,SO METHODIST,CHALMER WOODWARD,Not Ranked
1955,HOME,SEP,24,1955,BRENNAN,W,17-0,11,SO METHODIST,CHALMER WOODWARD,Not Ranked
1955,HOME,OCT,1,1955,BRENNAN,W,19-0,4,INDIANA,BERNIE CRIMMINS,Not Ranked
1955,AWAY,OCT,7,1955,BRENNAN,W,14-0,5,MIAMI-FLA,ANDY GUSTAFSON,15
1955,AWAY,OCT,15,1955,BRENNAN,L,14-28,4,MICHIGAN STATE,DUFFY DAUGHERTY,13
1955,AWAY,OCT,22,1955,BRENNAN,W,22-7,11,PURDUE,STU HOLCOMB,Not Ranked
1955,HOME,OCT,29,1955,BRENNAN,W,21-7,9,NAVY,EDDIE ERDELATZ,4
1955,AWAY,NOV,5,1955,BRENNAN,W,46-14,6,PENNSYLVANIA,STEVE SABO,Not Ranked
1955,AWAY,NOV,12,1955,BRENNAN,W,27-7,5,NORTH CAROLINA,GEORGE BARCLAY,Not Ranked
1955,HOME,NOV,19,1955,BRENNAN,W,17-14,4,IOWA,FOREST EVASHEVSKI,Not Ranked
1955,AWAY,NOV,26,1955,BRENNAN,L,20-42,5,SOUTHERN CAL,JESS HILL,Not Ranked
1956,AWAY,SEP,22,1956,BRENNAN,L,13-19,3,SO METHODIST,CHALMER WOODWARD,Not Ranked
1956,HOME,OCT,6,1956,BRENNAN,W,20-6,17,INDIANA,BERNIE CRIMMINS,Not Ranked
1956,HOME,OCT,13,1956,BRENNAN,L,14-28,18,PURDUE,JACK MOLLENKOPF,Not Ranked
1956,HOME,OCT,20,1956,BRENNAN,L,14-47,Not Ranked,MICHIGAN STATE,DUFFY DAUGHERTY,2
1956,HOME,OCT,27,1956,BRENNAN,L,0-40,Not Ranked,OKLAHOMA,BUD WILKINSON,2
1956,BALTIMORE,NOV,3,1956,BRENNAN,L,12-14,Not Ranked,NAVY,EDDIE ERDELATZ,Not Ranked
1956,AWAY,NOV,10,1956,BRENNAN,L,13-26,Not Ranked,PITT,JOHN MICHELOSEN,20
1956,HOME,NOV,17,1956,BRENNAN,W,21-14,Not Ranked,NORTH CAROLINA,JIM TATUM,Not Ranked
1956,AWAY,NOV,24,1956,BRENNAN,L,13-26,Not Ranked,IOWA,FOREST EVASHEVSKI,3
1956,AWAY,DEC,1,1956,BRENNAN,L,20-28,Not Ranked,SOUTHERN CAL,JESS HILL,17
1957,AWAY,SEP,28,1957,BRENNAN,W,42-21,Not Ranked,PURDUE,JACK MOLLENKOPF,Not Ranked
1957,HOME,OCT,5,1957,BRENNAN,W,26-0,16,INDIANA,BOB HICKS,Not Ranked
1957,PHILADELPHIA,OCT,12,1957,BRENNAN,W,23-21,12,ARMY,EARL BLAIK,10
1957,HOME,OCT,26,1957,BRENNAN,W,13-7,7,PITT,JOHN MICHELOSEN,Not Ranked
1957,HOME,NOV,2,1957,BRENNAN,L,20-28,5,NAVY,EDDIE ERDELATZ,16
1957,AWAY,NOV,9,1957,BRENNAN,L,14-42,15,MICHIGAN STATE,DUFFY DAUGHERTY,4
1957,AWAY,NOV,16,1957,BRENNAN,W,14-7,Not Ranked,OKLAHOMA,BUD WILKINSON,2
1957,HOME,NOV,23,1957,BRENNAN,L,13-21,9,IOWA,FOREST EVASHEVSKI,8
1957,HOME,NOV,30,1957,BRENNAN,W,40-12,12,SOUTHERN CAL,DON CLARK,Not Ranked
1957,AWAY,DEC,7,1957,BRENNAN,W,54-21,10,SO METHODIST,BILL MEEK,Not Ranked
1958,HOME,SEP,27,1958,BRENNAN,W,18-0,5,INDIANA,PHIL DICKENS,Not Ranked
1958,AWAY,OCT,4,1958,BRENNAN,W,14-6,7,SO METHODIST,BILL MEEK,17
1958,HOME,OCT,11,1958,BRENNAN,L,13-21,4,ARMY,EARL BLAIK,3
1958,HOME,OCT,18,1958,BRENNAN,W,10-7,12,DUKE,BILL MURRAY,Not Ranked
1958,HOME,OCT,25,1958,BRENNAN,L,22-29,11,PURDUE,JACK MOLLENKOPF,15
1958,BALTIMORE,NOV,1,1958,BRENNAN,W,40-20,Not Ranked,NAVY,EDDIE ERDELATZ,15
1958,AWAY,NOV,8,1958,BRENNAN,L,26-29,14,PITT,JOHN MICHELOSEN,Not Ranked
1958,HOME,NOV,15,1958,BRENNAN,W,34-24,Not Ranked,NORTH CAROLINA,JIM TATUM,11
1958,AWAY,NOV,22,1958,BRENNAN,L,21-31,15,IOWA,FOREST EVASHEVSKI,6
1958,AWAY,NOV,29,1958,BRENNAN,W,20-13,18,SOUTHERN CAL,DON CLARK,Not Ranked
1959,HOME,SEP,26,1959,KUHARICH,W,28-8,Not Ranked,NORTH CAROLINA,JIM HICKEY,Not Ranked
1959,AWAY,OCT,3,1959,KUHARICH,L,0-21,8,PURDUE,JACK MOLLENKOPF,Not Ranked
1959,AWAY,OCT,10,1959,KUHARICH,W,26-6,Not Ranked,CALIFORNIA,PETE ELLIOT,Not Ranked
1959,AWAY,OCT,17,1959,KUHARICH,L,0-19,Not Ranked,MICHIGAN STATE,DUFFY DAUGHERTY,Not Ranked
1959,HOME,OCT,24,1959,KUHARICH,L,24-30,Not Ranked,NORTHWESTERN,ARA PARSEGHIAN,2
1959,HOME,OCT,31,1959,KUHARICH,W,25-22,Not Ranked,NAVY,WAYNE HARDIN,Not Ranked
1959,HOME,NOV,7,1959,KUHARICH,L,20-21,Not Ranked,GEORGIA TECH,BOBBY DODD,19
1959,AWAY,NOV,14,1959,KUHARICH,L,13-28,Not Ranked,PITT,JOHN MICHELOSEN,Not Ranked
1959,AWAY,NOV,21,1959,KUHARICH,W,20-19,Not Ranked,IOWA,FOREST EVASHEVSKI,16
1959,HOME,NOV,28,1959,KUHARICH,W,16-6,Not Ranked,SOUTHERN CAL,DON CLARK,7
1960,HOME,SEP,24,1960,KUHARICH,W,21-7,Not Ranked,CALIFORNIA,MARV LEVY,Not Ranked
1960,HOME,OCT,1,1960,KUHARICH,L,19-51,12,PURDUE,JACK MOLLENKOPF,Not Ranked
1960,AWAY,OCT,8,1960,KUHARICH,L,14-24,Not Ranked,NORTH CAROLINA,JIM HICKEY,Not Ranked
1960,HOME,OCT,15,1960,KUHARICH,L,0-21,Not Ranked,MICHIGAN STATE,DUFFY DAUGHERTY,14
1960,AWAY,OCT,22,1960,KUHARICH,L,0-21,Not Ranked,NORTHWESTERN,ARA PARSEGHIAN,Not Ranked
1960,PHILADELPHIA,OCT,29,1960,KUHARICH,L,0-14,Not Ranked,NAVY,WAYNE HARDIN,4
1960,HOME,NOV,5,1960,KUHARICH,L,13-20,Not Ranked,PITT,JOHN MICHELOSEN,14
1960,AWAY,NOV,12,1960,KUHARICH,L,21-28,Not Ranked,MIAMI-FLA,ANDY GUSTAFSON,Not Ranked
1960,HOME,NOV,19,1960,KUHARICH,L,0-28,Not Ranked,IOWA,FOREST EVASHEVSKI,Not Ranked
1960,AWAY,NOV,26,1960,KUHARICH,W,17-0,Not Ranked,SOUTHERN CAL,JOHN McKAY,Not Ranked
1961,HOME,SEP,30,1961,KUHARICH,W,19-6,Not Ranked,OKLAHOMA,BUD WILKINSON,Not Ranked
1961,AWAY,OCT,7,1961,KUHARICH,W,22-20,Not Ranked,PURDUE,JACK MOLLENKOPF,Not Ranked
1961,HOME,OCT,14,1961,KUHARICH,W,30-0,8,SOUTHERN CAL,JOHN McKAY,Not Ranked
1961,AWAY,OCT,21,1961,KUHARICH,L,14-19,6,MICHIGAN STATE,DUFFY DAUGHERTY,1
1961,HOME,OCT,28,1961,KUHARICH,L,14-21,8,NORTHWESTERN,ARA PARSEGHIAN,Not Ranked
1961,HOME,NOV,4,1961,KUHARICH,L,14-20,Not Ranked,NAVY,WAYNE HARDIN,Not Ranked
1961,AWAY,NOV,11,1961,KUHARICH,W,26-20,Not Ranked,PITT,JOHN MICHELOSEN,Not Ranked
1961,HOME,NOV,18,1961,KUHARICH,W,17-15,Not Ranked,SYRACUSE,BEN SCHWARTZWALDER,10
1961,AWAY,NOV,25,1961,KUHARICH,L,21-42,Not Ranked,IOWA,JERRY BURNS,Not Ranked
1961,AWAY,DEC,2,1961,KUHARICH,L,13-37,Not Ranked,DUKE,BILL MURRAY,Not Ranked
1962,AWAY,SEP,29,1962,KUHARICH,W,13-7,Not Ranked,OKLAHOMA,BUD WILKINSON,Not Ranked
1962,HOME,OCT,6,1962,KUHARICH,L,13-28,Not Ranked,PURDUE,JACK MOLLENKOPF,Not Ranked
1962,AWAY,OCT,13,1962,KUHARICH,L,13-20,Not Ranked,WISCONSIN,MILT BRUHN,Not Ranked
1962,HOME,OCT,20,1962,KUHARICH,L,0-7,Not Ranked,MICHIGAN STATE,DUFFY DAUGHERTY,Not Ranked
1962,AWAY,OCT,27,1962,KUHARICH,L,0-14,Not Ranked,NORTHWESTERN,ARA PARSEGHIAN,3
1962,PHILADELPHIA,NOV,3,1962,KUHARICH,W,20-12,Not Ranked,NAVY,WAYNE HARDIN,Not Ranked
1962,HOME,NOV,10,1962,KUHARICH,W,43-22,Not Ranked,PITT,JOHN MICHELOSEN,Not Ranked
1962,HOME,NOV,17,1962,KUHARICH,W,21-7,Not Ranked,NORTH CAROLINA,JIM HICKEY,Not Ranked
1962,HOME,NOV,24,1962,KUHARICH,W,35-12,Not Ranked,IOWA,JERRY BURNS,Not Ranked
1962,AWAY,DEC,1,1962,KUHARICH,L,0-25,Not Ranked,SOUTHERN CAL,JOHN McKAY,1
1963,HOME,SEP,28,1963,DEVORE,L,14-24,Not Ranked,WISCONSIN,MILT BRUHN,6
1963,AWAY,OCT,5,1963,DEVORE,L,14-28,Not Ranked,PURDUE,JACK MOLLENKOPF,Not Ranked
1963,HOME,OCT,12,1963,DEVORE,W,17-14,Not Ranked,SOUTHERN CAL,JOHN McKAY,7
1963,HOME,OCT,19,1963,DEVORE,W,27-12,Not Ranked,UCLA,BILL BARNES,Not Ranked
1963,AWAY,OCT,26,1963,DEVORE,L,14-24,Not Ranked,STANFORD,JOHN RALSTON,Not Ranked
1963,HOME,NOV,2,1963,DEVORE,L,14-35,Not Ranked,NAVY,WAYNE HARDIN,4
1963,HOME,NOV,9,1963,DEVORE,L,17-20,Not Ranked,PITT,JOHN MICHELOSEN,8
1963,AWAY,NOV,16,1963,DEVORE,L,21-25,Not Ranked,MICHIGAN STATE,DUFFY DAUGHERTY,4
1963,YANKEE STADIUM,NOV,28,1963,DEVORE,L,14-35,Not Ranked,SYRACUSE,BEN SCHWARTZWALDER,Not Ranked
1964,AWAY,SEP,26,1964,PARSEGHIAN,W,31-7,Not Ranked,WISCONSIN,MILT BRUHN,Not Ranked
1964,HOME,OCT,3,1964,PARSEGHIAN,W,34-15,9,PURDUE,JACK MOLLENKOPF,Not Ranked
1964,AWAY,OCT,10,1964,PARSEGHIAN,W,34-7,6,AIR FORCE,BEN MARTIN,Not Ranked
1964,HOME,OCT,17,1964,PARSEGHIAN,W,24-0,4,UCLA,BILL BARNES,Not Ranked
1964,HOME,OCT,24,1964,PARSEGHIAN,W,28-6,2,STANFORD,JOHN RALSTON,Not Ranked
1964,PHILADELPHIA,OCT,31,1964,PARSEGHIAN,W,40-0,2,NAVY,WAYNE HARDIN,Not Ranked
1964,AWAY,NOV,7,1964,PARSEGHIAN,W,17-15,1,PITT,JOHN MICHELOSEN,Not Ranked
1964,HOME,NOV,14,1964,PARSEGHIAN,W,34-7,1,MICHIGAN STATE,DUFFY DAUGHERTY,Not Ranked
1964,HOME,NOV,21,1964,PARSEGHIAN,W,28-0,1,IOWA,JERRY BURNS,Not Ranked
1964,AWAY,NOV,28,1964,PARSEGHIAN,L,17-20,1,SOUTHERN CAL,JOHN McKAY,Not Ranked
1965,AWAY,SEP,18,1965,PARSEGHIAN,W,48-6,3,CALIFORNIA,RAY WILLSEY,Not Ranked
1965,AWAY,SEP,25,1965,PARSEGHIAN,L,21-25,1,PURDUE,JACK MOLLENKOPF,6
1965,HOME,OCT,2,1965,PARSEGHIAN,W,38-7,8,NORTHWESTERN,ALEX AGASE,Not Ranked
1965,SHEA STADIUM,OCT,9,1965,PARSEGHIAN,W,17-0,7,ARMY,PAUL DIETZEL,Not Ranked
1965,HOME,OCT,23,1965,PARSEGHIAN,W,28-7,7,SOUTHERN CAL,JOHN McKAY,4
1965,HOME,OCT,30,1965,PARSEGHIAN,W,29-3,4,NAVY,BILL ELIAS,Not Ranked
1965,AWAY,NOV,6,1965,PARSEGHIAN,W,69-13,4,PITT,JOHN MICHELOSEN,Not Ranked
1965,HOME,NOV,13,1965,PARSEGHIAN,W,17-0,4,NORTH CAROLINA,JIM HICKEY,Not Ranked
1965,HOME,NOV,20,1965,PARSEGHIAN,L,21-28,4,MICHIGAN STATE,DUFFY DAUGHERTY,1
1965,AWAY,NOV,27,1965,PARSEGHIAN,T,0-0,6,MIAMI-FLA,CHARLIE TATE,Not Ranked
1966,HOME,SEP,24,1966,PARSEGHIAN,W,26-14,6,PURDUE,JACK MOLLENKOPF,8
1966,AWAY,OCT,1,1966,PARSEGHIAN,W,35-7,4,NORTHWESTERN,ALEX AGASE,Not Ranked
1966,HOME,OCT,8,1966,PARSEGHIAN,W,35-0,3,ARMY,TOM CAHILL,Not Ranked
1966,HOME,OCT,15,1966,PARSEGHIAN,W,32-0,2,NORTH CAROLINA,JIM HICKEY,Not Ranked
1966,AWAY,OCT,22,1966,PARSEGHIAN,W,38-0,1,OKLAHOMA,JIM MACKENZIE,10
1966,PHILADELPHIA,OCT,29,1966,PARSEGHIAN,W,31-7,1,NAVY,BILL ELIAS,Not Ranked
1966,HOME,NOV,5,1966,PARSEGHIAN,W,40-0,1,PITT,DAVID HART,Not Ranked
1966,HOME,NOV,12,1966,PARSEGHIAN,W,64-0,1,DUKE,TOM HARP,Not Ranked
1966,AWAY,NOV,19,1966,PARSEGHIAN,T,10-10,1,MICHIGAN STATE,DUFFY DAUGHERTY,2
1966,AWAY,NOV,26,1966,PARSEGHIAN,W,51-0,1,SOUTHERN CAL,JOHN McKAY,10
1967,HOME,SEP,23,1967,PARSEGHIAN,W,41-8,1,CALIFORNIA,RAY WILLSEY,Not Ranked
1967,AWAY,SEP,30,1967,PARSEGHIAN,L,21-28,1,PURDUE,JACK MOLLENKOPF,10
1967,HOME,OCT,7,1967,PARSEGHIAN,W,56-6,6,IOWA,RAY NAGEL,Not Ranked
1967,HOME,OCT,14,1967,PARSEGHIAN,L,0-7,5,SOUTHERN CAL,JOHN McKAY,1
1967,AWAY,OCT,21,1967,PARSEGHIAN,W,47-7,Not Ranked,ILLINOIS,JIM VALEK,Not Ranked
1967,HOME,OCT,28,1967,PARSEGHIAN,W,24-12,Not Ranked,MICHIGAN STATE,DUFFY DAUGHERTY,Not Ranked
1967,HOME,NOV,4,1967,PARSEGHIAN,W,43-14,10,NAVY,BILL ELIAS,Not Ranked
1967,AWAY,NOV,11,1967,PARSEGHIAN,W,38-0,9,PITT,DAVID HART,Not Ranked
1967,AWAY,NOV,18,1967,PARSEGHIAN,W,36-3,9,GEORGIA TECH,BUD CARSON,Not Ranked
1967,AWAY,NOV,24,1967,PARSEGHIAN,W,24-22,6,MIAMI-FLA,CHARLIE TATE,Not Ranked
1968,HOME,SEP,21,1968,PARSEGHIAN,W,45-21,3,OKLAHOMA,CHUCK FAIRBANKS,5
1968,HOME,SEP,28,1968,PARSEGHIAN,L,22-37,2,PURDUE,JACK MOLLENKOPF,1
1968,AWAY,OCT,5,1968,PARSEGHIAN,W,51-28,5,IOWA,RAY NAGEL,Not Ranked
1968,HOME,OCT,12,1968,PARSEGHIAN,W,27-7,5,NORTHWESTERN,ALEX AGASE,Not Ranked
1968,HOME,OCT,19,1968,PARSEGHIAN,W,58-8,6,ILLINOIS,JIM VALEK,Not Ranked
1968,AWAY,OCT,26,1968,PARSEGHIAN,L,17-21,5,MICHIGAN STATE,DUFFY DAUGHERTY,Not Ranked
1968,PHILADELPHIA,NOV,2,1968,PARSEGHIAN,W,45-14,12,NAVY,BILL ELIAS,Not Ranked
1968,HOME,NOV,9,1968,PARSEGHIAN,W,56-7,12,PITT,DAVID HART,Not Ranked
1968,HOME,NOV,16,1968,PARSEGHIAN,W,34-6,9,GEORGIA TECH,BUD CARSON,Not Ranked
1968,AWAY,NOV,30,1968,PARSEGHIAN,T,21-21,9,SOUTHERN CAL,JOHN McKAY,2
1969,HOME,SEP,20,1969,PARSEGHIAN,W,35-10,11,NORTHWESTERN,ALEX AGASE,Not Ranked
1969,AWAY,SEP,27,1969,PARSEGHIAN,L,14-28,9,PURDUE,JACK MOLLENKOPF,16
1969,HOME,OCT,4,1969,PARSEGHIAN,W,42-28,Not Ranked,MICHIGAN STATE,DUFFY DAUGHERTY,14
1969,YANKEE STADIUM,OCT,11,1969,PARSEGHIAN,W,45-0,15,ARMY,TOM CAHILL,Not Ranked
1969,HOME,OCT,18,1969,PARSEGHIAN,T,14-14,11,SOUTHERN CAL,JOHN McKAY,3
1969,AWAY,OCT,25,1969,PARSEGHIAN,W,37-0,12,TULANE,JIM PITTMAN,Not Ranked
1969,HOME,NOV,1,1969,PARSEGHIAN,W,47-0,10,NAVY,RICK FORZANO,Not Ranked
1969,AWAY,NOV,8,1969,PARSEGHIAN,W,49-7,8,PITT,CARL de PASQUA,Not Ranked
1969,AWAY,NOV,15,1969,PARSEGHIAN,W,38-20,9,GEORGIA TECH,BUD CARSON,Not Ranked
1969,HOME,NOV,22,1969,PARSEGHIAN,W,13-6,8,AIR FORCE,BEN MARTIN,Not Ranked
1969,COTTON BOWL,JAN,1,1970,PARSEGHIAN,L,17-21,9,TEXAS,DARREL ROYAL,1
1970,AWAY,SEP,19,1970,PARSEGHIAN,W,35-14,6,NORTHWESTERN,ALEX AGASE,Not Ranked
1970,HOME,SEP,26,1970,PARSEGHIAN,W,48-0,6,PURDUE,BOB DeMOSS,Not Ranked
1970,AWAY,OCT,3,1970,PARSEGHIAN,W,29-0,4,MICHIGAN STATE,DUFFY DAUGHERTY,Not Ranked
1970,HOME,OCT,10,1970,PARSEGHIAN,W,51-10,3,ARMY,TOM CAHILL,Not Ranked
1970,AWAY,OCT,17,1970,PARSEGHIAN,W,24-7,3,MISSOURI,DAN DEVINE,18
1970,PHILADELPHIA,OCT,31,1970,PARSEGHIAN,W,56-7,3,NAVY,RICK FORZANO,Not Ranked
1970,HOME,NOV,7,1970,PARSEGHIAN,W,46-14,2,PITT,CARL de PASQUA,Not Ranked
1970,HOME,NOV,14,1970,PARSEGHIAN,W,42-0,1,GEORGIA TECH,BUD CARSON,Not Ranked
1970,HOME,NOV,21,1970,PARSEGHIAN,W,28-0,2,LOUISIANA STATE,CHARLIE McCLENDON,7
1970,AWAY,NOV,28,1970,PARSEGHIAN,L,28-38,4,SOUTHERN CAL,JOHN McKAY,Not Ranked
1970,COTTON BOWL,JAN,1,1971,PARSEGHIAN,W,24-11,6,TEXAS,DARREL ROYAL,1
1971,HOME,SEP,18,1971,PARSEGHIAN,W,50-7,2,NORTHWESTERN,ALEX AGASE,Not Ranked
1971,AWAY,SEP,25,1971,PARSEGHIAN,W,32-10,2,PURDUE,BOB DeMOSS,Not Ranked
1971,HOME,OCT,2,1971,PARSEGHIAN,W,14-2,4,MICHIGAN STATE,DUFFY DAUGHERTY,Not Ranked
1971,AWAY,OCT,9,1971,PARSEGHIAN,W,17-0,7,MIAMI-FLA,FRAN CURCI,Not Ranked
1971,HOME,OCT,16,1971,PARSEGHIAN,W,16-0,7,NORTH CAROLINA,BILL DOOLEY,Not Ranked
1971,HOME,OCT,23,1971,PARSEGHIAN,L,14-28,6,SOUTHERN CAL,JOHN McKAY,Not Ranked
1971,HOME,OCT,30,1971,PARSEGHIAN,W,21-0,12,NAVY,RICK FORZANO,Not Ranked
1971,AWAY,NOV,6,1971,PARSEGHIAN,W,56-7,8,PITT,CARL de PASQUA,Not Ranked
1971,HOME,NOV,13,1971,PARSEGHIAN,W,21-7,8,TULANE,BENNIE ELLENDER,Not Ranked
1971,AWAY,NOV,20,1971,PARSEGHIAN,L,14-28,7,LOUISIANA STATE,CHARLIE McCLENDON,14
1972,AWAY,SEP,23,1972,PARSEGHIAN,W,37-0,13,NORTHWESTERN,ALEX AGASE,Not Ranked
1972,HOME,SEP,30,1972,PARSEGHIAN,W,35-14,10,PURDUE,BOB DeMOSS,Not Ranked
1972,AWAY,OCT,7,1972,PARSEGHIAN,W,16-0,7,MICHIGAN STATE,DUFFY DAUGHERTY,Not Ranked
1972,HOME,OCT,14,1972,PARSEGHIAN,W,42-16,7,PITT,CARL de PASQUA,Not Ranked
1972,HOME,OCT,21,1972,PARSEGHIAN,L,26-30,8,MISSOURI,AL ONOFRIO,Not Ranked
1972,HOME,OCT,28,1972,PARSEGHIAN,W,21-0,13,TEXAS CHRISTIAN,BILLY TOHILL,Not Ranked
1972,VETERANS STADIUM,NOV,4,1972,PARSEGHIAN,W,42-23,12,NAVY,RICK FORZANO,Not Ranked
1972,AWAY,NOV,11,1972,PARSEGHIAN,W,21-7,12,AIR FORCE,BEN MARTIN,Not Ranked
1972,HOME,NOV,18,1972,PARSEGHIAN,W,20-17,10,MIAMI-FLA,FRAN CURCI,Not Ranked
1972,AWAY,DEC,2,1972,PARSEGHIAN,L,23-45,10,SOUTHERN CAL,JOHN McKAY,1
1972,ORANGE BOWL,JAN,1,1973,PARSEGHIAN,L,14-20,12,NEBRASKA,BOB DEVANEY,9
1973,HOME,SEP,22,1973,PARSEGHIAN,W,44-0,8,NORTHWESTERN,JOHN PONT,Not Ranked
1973,AWAY,SEP,29,1973,PARSEGHIAN,W,20-7,7,PURDUE,ALEX AGASE,Not Ranked
1973,HOME,OCT,6,1973,PARSEGHIAN,W,14-10,8,MICHIGAN STATE,DENNY STOLZ,Not Ranked
1973,AWAY,OCT,13,1973,PARSEGHIAN,W,28-0,9,RICE,AL CONOVER,Not Ranked
1973,AWAY,OCT,20,1973,PARSEGHIAN,W,62-3,8,ARMY,TOM CAHILL,Not Ranked
1973,HOME,OCT,27,1973,PARSEGHIAN,W,23-14,8,SOUTHERN CAL,JOHN McKAY,6
1973,HOME,NOV,3,1973,PARSEGHIAN,W,44-7,5,NAVY,GEORGE WELSH,Not Ranked
1973,AWAY,NOV,10,1973,PARSEGHIAN,W,31-10,5,PITT,JOHNNY MAJORS,20
1973,HOME,NOV,22,1973,PARSEGHIAN,W,48-15,5,AIR FORCE,BEN MARTIN,Not Ranked
1973,AWAY,DEC,1,1973,PARSEGHIAN,W,44-0,5,MIAMI-FLA,PETE ELLIOT,Not Ranked
1973,SUGAR BOWL,DEC,31,1973,PARSEGHIAN,W,24-23,3,ALABAMA,"PAUL ""BEAR"" BRYANT",1
1974,AWAY,SEP,9,1974,PARSEGHIAN,W,31-7,2,GEORGIA TECH,PEPPER RODGERS,Not Ranked
1974,AWAY,SEP,21,1974,PARSEGHIAN,W,49-3,1,NORTHWESTERN,JOHN PONT,Not Ranked
1974,HOME,SEP,28,1974,PARSEGHIAN,L,20-31,2,PURDUE,ALEX AGASE,Not Ranked
1974,AWAY,OCT,5,1974,PARSEGHIAN,W,19-14,7,MICHIGAN STATE,DENNY STOLZ,Not Ranked
1974,HOME,OCT,12,1974,PARSEGHIAN,W,19-10,6,RICE,AL CONOVER,Not Ranked
1974,HOME,OCT,19,1974,PARSEGHIAN,W,48-0,7,ARMY,HOMER SMITH,Not Ranked
1974,HOME,OCT,26,1974,PARSEGHIAN,W,38-7,7,MIAMI-FLA,PETE ELLIOT,Not Ranked
1974,VETERANS STADIUM,NOV,2,1974,PARSEGHIAN,W,14-6,7,NAVY,GEORGE WELSH,Not Ranked
1974,HOME,NOV,16,1974,PARSEGHIAN,W,14-10,5,PITT,JOHNNY MAJORS,17
1974,HOME,NOV,23,1974,PARSEGHIAN,W,38-0,5,AIR FORCE,BEN MARTIN,Not Ranked
1974,AWAY,NOV,30,1974,PARSEGHIAN,L,24-55,5,SOUTHERN CAL,JOHN McKAY,6
1974,ORANGE BOWL,JAN,1,1975,PARSEGHIAN,W,13-11,9,ALABAMA,"PAUL ""BEAR"" BRYANT",2
1975,"FOXBORO, MA",SEP,15,1975,DEVINE,W,17-3,9,BOSTON COLLEGE,JOSEPH YUKICA,Not Ranked
1975,AWAY,SEP,20,1975,DEVINE,W,17-0,9,PURDUE,ALEX AGASE,Not Ranked
1975,HOME,SEP,27,1975,DEVINE,W,31-7,7,NORTHWESTERN,JOHN PONT,Not Ranked
1975,HOME,OCT,4,1975,DEVINE,L,10-14,8,MICHIGAN STATE,DENNY STOLZ,Not Ranked
1975,AWAY,OCT,11,1975,DEVINE,W,21-14,15,NORTH CAROLINA,BILL DOOLEY,Not Ranked
1975,AWAY,OCT,18,1975,DEVINE,W,31-30,15,AIR FORCE,BEN MARTIN,Not Ranked
1975,HOME,OCT,25,1975,DEVINE,L,17-24,14,SOUTHERN CAL,JOHN McKAY,3
1975,HOME,NOV,1,1975,DEVINE,W,31-10,15,NAVY,GEORGE WELSH,Not Ranked
1975,HOME,NOV,8,1975,DEVINE,W,24-3,12,GEORGIA TECH,PEPPER RODGERS,Not Ranked
1975,AWAY,NOV,15,1975,DEVINE,L,20-34,9,PITT,JOHNNY MAJORS,Not Ranked
1975,AWAY,NOV,22,1975,DEVINE,W,32-9,Not Ranked,MIAMI-FLA,CARL SEMER,Not Ranked
1976,HOME,SEP,11,1976,DEVINE,L,14-52,11,PITT,JOHNNY MAJORS,9
1976,HOME,SEP,18,1976,DEVINE,W,23-0,Not Ranked,PURDUE,ALEX AGASE,Not Ranked
1976,AWAY,SEP,25,1976,DEVINE,W,48-0,Not Ranked,NORTHWESTERN,JOHN PONT,Not Ranked
1976,AWAY,OCT,2,1976,DEVINE,W,24-6,18,MICHIGAN STATE,DARRYL ROGERS,Not Ranked
1976,HOME,OCT,16,1976,DEVINE,W,41-0,14,OREGON,DON READ,Not Ranked
1976,AWAY,OCT,23,1976,DEVINE,W,13-6,12,SOUTH CAROLINA,JIM CARLEN,19
1976,CLEVELAND,OCT,30,1976,DEVINE,W,27-21,11,NAVY,GEORGE WELSH,Not Ranked
1976,AWAY,NOV,6,1976,DEVINE,L,14-23,11,GEORGIA TECH,PEPPER RODGERS,Not Ranked
1976,HOME,NOV,13,1976,DEVINE,W,21-18,18,ALABAMA,"PAUL ""BEAR"" BRYANT",10
1976,HOME,NOV,20,1976,DEVINE,W,40-27,13,MIAMI-FLA,CARL SEMER,Not Ranked
1976,AWAY,NOV,27,1976,DEVINE,L,13-17,13,SOUTHERN CAL,JOHN ROBINSON,3
1976,GATOR BOWL,DEC,27,1976,DEVINE,W,20-9,15,PENN STATE,JOE PATERNO,20
1977,AWAY,SEP,10,1977,DEVINE,W,19-9,3,PITT,JACKIE SHERRILL,7
1977,JACKSON,SEP,17,1977,DEVINE,L,13-20,3,MISSISSIPPI,KEN COOPER,Not Ranked
1977,AWAY,SEP,24,1977,DEVINE,W,31-24,11,PURDUE,JIM YOUNG,Not Ranked
1977,HOME,OCT,1,1977,DEVINE,W,16-6,14,MICHIGAN STATE,DARRYL ROGERS,Not Ranked
1977,GIANTS STADIUM,OCT,15,1977,DEVINE,W,24-0,11,ARMY,HOMER SMITH,Not Ranked
1977,HOME,OCT,22,1977,DEVINE,W,49-19,11,SOUTHERN CAL,JOHN ROBINSON,5
1977,HOME,OCT,29,1977,DEVINE,W,43-10,5,NAVY,GEORGE WELSH,Not Ranked
1977,HOME,NOV,5,1977,DEVINE,W,69-14,5,GEORGIA TECH,PEPPER RODGERS,Not Ranked
1977,AWAY,NOV,12,1977,DEVINE,W,21-17,5,CLEMSON,CHARLEY PELL,15
1977,HOME,NOV,19,1977,DEVINE,W,49-0,5,AIR FORCE,BEN MARTIN,Not Ranked
1977,AWAY,DEC,3,1977,DEVINE,W,48-10,6,MIAMI-FLA,LOU SABAN,Not Ranked
1977,COTTON BOWL,JAN,1,1978,DEVINE,W,38-10,5,TEXAS,FRED AKERS,1
1978,HOME,SEP,9,1978,DEVINE,L,0-3,5,MISSOURI,WARREN POWERS,Not Ranked
1978,HOME,SEP,23,1978,DEVINE,L,14-28,14,MICHIGAN,BO SCHEMBECHLER,5
1978,HOME,SEP,30,1978,DEVINE,W,10-7,Not Ranked,PURDUE,JIM YOUNG,Not Ranked
1978,AWAY,OCT,7,1978,DEVINE,W,29-25,Not Ranked,MICHIGAN STATE,DARRYL ROGERS,Not Ranked
1978,HOME,OCT,14,1978,DEVINE,W,26-17,Not Ranked,PITT,JACKIE SHERRILL,9
1978,AWAY,OCT,21,1978,DEVINE,W,38-15,20,AIR FORCE,BILL PARCELLS,Not Ranked
1978,HOME,OCT,28,1978,DEVINE,W,20-0,19,MIAMI-FLA,LOU SABAN,Not Ranked
1978,CLEVELAND,NOV,4,1978,DEVINE,W,27-7,15,NAVY,GEORGE WELSH,11
1978,HOME,NOV,11,1978,DEVINE,W,31-14,14,TENNESSEE,JOHNNY MAJORS,Not Ranked
1978,AWAY,NOV,18,1978,DEVINE,W,38-21,10,GEORGIA TECH,PEPPER RODGERS,20
1978,AWAY,NOV,25,1978,DEVINE,L,25-27,8,SOUTHERN CAL,JOHN ROBINSON,3
1978,COTTON BOWL,JAN,1,1979,DEVINE,W,35-34,10,HOUSTON,BILL YEOMAN,9
1979,AWAY,SEP,15,1979,DEVINE,W,21-10,9,MICHIGAN,BO SCHEMBECHLER,6
1979,AWAY,SEP,22,1979,DEVINE,L,22-28,5,PURDUE,JIM YOUNG,17
1979,HOME,SEP,29,1979,DEVINE,W,27-3,15,MICHIGAN STATE,DARRYL ROGERS,7
1979,HOME,OCT,6,1979,DEVINE,W,21-13,10,GEORGIA TECH,PEPPER RODGERS,Not Ranked
1979,AWAY,OCT,13,1979,DEVINE,W,38-13,10,AIR FORCE,KEN HATFIELD,Not Ranked
1979,HOME,OCT,20,1979,DEVINE,L,23-42,9,SOUTHERN CAL,JOHN ROBINSON,4
1979,HOME,OCT,27,1979,DEVINE,W,18-17,14,SOUTH CAROLINA,JIM CARLEN,Not Ranked
1979,HOME,NOV,3,1979,DEVINE,W,14-0,13,NAVY,GEORGE WELSH,Not Ranked
1979,AWAY,NOV,10,1979,DEVINE,L,18-40,13,TENNESSEE,JOHNNY MAJORS,Not Ranked
1979,HOME,NOV,17,1979,DEVINE,L,14-20,Not Ranked,CLEMSON,DANNY FORD,14
1979,TOKYO,NOV,24,1979,DEVINE,W,40-15,Not Ranked,MIAMI-FLA,H. SCHNELLENBERGER,Not Ranked
1980,HOME,SEP,6,1980,DEVINE,W,31-10,11,PURDUE,JIM YOUNG,9
1980,HOME,SEP,20,1980,DEVINE,W,29-27,8,MICHIGAN,BO SCHEMBECHLER,14
1980,AWAY,OCT,4,1980,DEVINE,W,26-21,7,MICHIGAN STATE,FRANK WATERS,Not Ranked
1980,HOME,OCT,11,1980,DEVINE,W,32-14,7,MIAMI-FLA,H. SCHNELLENBERGER,13
1980,HOME,OCT,18,1980,DEVINE,W,30-3,5,ARMY,LOU SABAN,Not Ranked
1980,AWAY,OCT,25,1980,DEVINE,W,20-3,4,ARIZONA,LARRY SMITH,Not Ranked
1980,GIANTS STADIUM,NOV,1,1980,DEVINE,W,33-0,3,NAVY,GEORGE WELSH,Not Ranked
1980,AWAY,NOV,8,1980,DEVINE,T,14-14,1,GEORGIA TECH,BILL CURRY,Not Ranked
1980,BIRMINGHAM,NOV,15,1980,DEVINE,W,33-20,6,ALABAMA,"PAUL ""BEAR"" BRYANT",5
1980,HOME,NOV,22,1980,DEVINE,W,24-10,2,AIR FORCE,KEN HATFIELD,Not Ranked
1980,AWAY,DEC,6,1980,DEVINE,L,14-20,2,SOUTHERN CAL,JOHN ROBINSON,17
1980,SUGAR BOWL,JAN,1,1981,DEVINE,L,10-14,7,GEORGIA,VINCE DOOLEY,1
1981,HOME,SEP,12,1981,FAUST,W,27-9,4,LOUISIANA STATE,JERRY STOVALL,Not Ranked
1981,AWAY,SEP,19,1981,FAUST,L,20-21,1,MICHIGAN,BO SCHEMBECHLER,11
1981,AWAY,SEP,26,1981,FAUST,L,14-15,13,PURDUE,JIM YOUNG,Not Ranked
1981,HOME,OCT,3,1981,FAUST,W,20-7,Not Ranked,MICHIGAN STATE,FRANK WATERS,Not Ranked
1981,HOME,OCT,10,1981,FAUST,L,13-19,Not Ranked,FLORIDA STATE,BOBBY BOWDEN,20
1981,HOME,OCT,24,1981,FAUST,L,21-28,Not Ranked,SOUTHERN CAL,JOHN ROBINSON,5
1981,HOME,OCT,31,1981,FAUST,W,38-0,Not Ranked,NAVY,GEORGE WELSH,Not Ranked
1981,HOME,NOV,7,1981,FAUST,W,35-3,Not Ranked,GEORGIA TECH,BILL CURRY,Not Ranked
1981,AWAY,NOV,14,1981,FAUST,W,35-7,Not Ranked,AIR FORCE,KEN HATFIELD,Not Ranked
1981,AWAY,NOV,21,1981,FAUST,L,21-24,Not Ranked,PENN STATE,JOE PATERNO,13
1981,AWAY,NOV,27,1981,FAUST,L,15-37,Not Ranked,MIAMI-FLA,H. SCHNELLENBERGER,9
1982,HOME,SEP,18,1982,FAUST,W,23-17,20,MICHIGAN,BO SCHEMBECHLER,10
1982,HOME,SEP,25,1982,FAUST,W,28-14,10,PURDUE,LEON BURTNETT,Not Ranked
1982,AWAY,OCT,2,1982,FAUST,W,42-28,11,MICHIGAN STATE,FRANK WATERS,Not Ranked
1982,HOME,OCT,9,1982,FAUST,W,16-14,10,MIAMI-FLA,H. SCHNELLENBERGER,17
1982,HOME,OCT,16,1982,FAUST,L,13-16,9,ARIZONA,LARRY SMITH,Not Ranked
1982,AWAY,OCT,23,1982,FAUST,T,13-13,15,OREGON,RICH BROOKS,Not Ranked
1982,GIANTS STADIUM,OCT,30,1982,FAUST,W,27-10,Not Ranked,NAVY,GARY TRANQUILL,Not Ranked
1982,AWAY,NOV,6,1982,FAUST,W,31-16,Not Ranked,PITT,FOGE FAZIO,1
1982,HOME,NOV,13,1982,FAUST,L,14-24,13,PENN STATE,JOE PATERNO,5
1982,AWAY,NOV,20,1982,FAUST,L,17-30,18,AIR FORCE,KEN HATFIELD,Not Ranked
1982,AWAY,NOV,27,1982,FAUST,L,13-17,Not Ranked,SOUTHERN CAL,JOHN ROBINSON,17
1983,AWAY,SEP,10,1983,FAUST,W,52-6,5,PURDUE,LEON BURTNETT,Not Ranked
1983,HOME,SEP,17,1983,FAUST,L,23-28,4,MICHIGAN STATE,GEORGE PERLES,Not Ranked
1983,AWAY,SEP,24,1983,FAUST,L,0-20,13,MIAMI-FLA,H. SCHNELLENBERGER,Not Ranked
1983,AWAY,OCT,1,1983,FAUST,W,27-3,Not Ranked,COLORADO,BILL McCARTNEY,Not Ranked
1983,AWAY,OCT,8,1983,FAUST,W,30-6,Not Ranked,SOUTH CAROLINA,JOE MORRISON,Not Ranked
1983,GIANTS STADIUM,OCT,15,1983,FAUST,W,42-0,Not Ranked,ARMY,JIM YOUNG,Not Ranked
1983,HOME,OCT,22,1983,FAUST,W,27-6,Not Ranked,SOUTHERN CAL,TED TOLLNER,Not Ranked
1983,HOME,OCT,29,1983,FAUST,W,28-12,19,NAVY,GARY TRANQUILL,Not Ranked
1983,HOME,NOV,5,1983,FAUST,L,16-21,18,PITT,FOGE FAZIO,Not Ranked
1983,AWAY,NOV,12,1983,FAUST,L,30-34,Not Ranked,PENN STATE,JOE PATERNO,Not Ranked
1983,HOME,NOV,19,1983,FAUST,L,22-23,Not Ranked,AIR FORCE,KEN HATFIELD,Not Ranked
1983,LIBERTY BOWL,DEC,29,1983,FAUST,W,19-18,Not Ranked,BOSTON COLLEGE,JACK BICKNELL,13
1984,HOOSIER DOME,SEP,8,1984,FAUST,L,21-23,8,PURDUE,LEON BURTNETT,Not Ranked
1984,AWAY,SEP,15,1984,FAUST,W,24-20,Not Ranked,MICHIGAN STATE,GEORGE PERLES,Not Ranked
1984,HOME,SEP,22,1984,FAUST,W,55-14,Not Ranked,COLORADO,BILL McCARTNEY,Not Ranked
1984,AWAY,SEP,29,1984,FAUST,W,16-14,19,MISSOURI,WARREN POWERS,Not Ranked
1984,HOME,OCT,6,1984,FAUST,L,13-31,17,MIAMI-FLA,JIMMY JOHNSON,14
1984,HOME,OCT,13,1984,FAUST,L,13-17,Not Ranked,AIR FORCE,FISHER DeBERRY,Not Ranked
1984,HOME,OCT,20,1984,FAUST,L,32-36,Not Ranked,SOUTH CAROLINA,JOE MORRISON,11
1984,AWAY,OCT,27,1984,FAUST,W,30-22,Not Ranked,LOUISIANA STATE,JERRY STOVALL,6
1984,GIANTS STADIUM,NOV,3,1984,FAUST,W,18-17,Not Ranked,NAVY,GARY TRANQUILL,Not Ranked
1984,HOME,NOV,17,1984,FAUST,W,44-7,Not Ranked,PENN STATE,JOE PATERNO,Not Ranked
1984,AWAY,NOV,24,1984,FAUST,W,19-7,Not Ranked,SOUTHERN CAL,TED TOLLNER,14
1984,ALOHA BOWL,DEC,29,1984,FAUST,L,20-27,17,SO METHODIST,BOBBY COLLINS,10
1985,AWAY,SEP,14,1985,FAUST,L,20-21,13,MICHIGAN,BO SCHEMBECHLER,Not Ranked
1985,HOME,SEP,21,1985,FAUST,W,27-10,Not Ranked,MICHIGAN STATE,GEORGE PERLES,Not Ranked
1985,AWAY,SEP,28,1985,FAUST,L,17-35,Not Ranked,PURDUE,LEON BURTNETT,Not Ranked
1985,AWAY,OCT,5,1985,FAUST,L,15-21,Not Ranked,AIR FORCE,FISHER DeBERRY,17
1985,HOME,OCT,19,1985,FAUST,W,24-10,Not Ranked,ARMY,JIM YOUNG,19
1985,HOME,OCT,26,1985,FAUST,W,37-3,Not Ranked,SOUTHERN CAL,TED TOLLNER,Not Ranked
1985,HOME,NOV,2,1985,FAUST,W,41-17,Not Ranked,NAVY,GARY TRANQUILL,Not Ranked
1985,HOME,NOV,9,1985,FAUST,W,37-14,Not Ranked,MISSISSIPPI,BILLY BREWER,Not Ranked
1985,AWAY,NOV,16,1985,FAUST,L,14-20,Not Ranked,PENN STATE,JOE PATERNO,1
1985,HOME,NOV,23,1985,FAUST,L,15-21,Not Ranked,LOUISIANA STATE,JERRY STOVALL,17
1985,AWAY,NOV,30,1985,FAUST,L,21-42,Not Ranked,MIAMI-FLA,JIMMY JOHNSON,4
1986,HOME,SEP,13,1986,HOLTZ,L,23-24,Not Ranked,MICHIGAN,BO SCHEMBECHLER,3
1986,AWAY,SEP,20,1986,HOLTZ,L,15-20,20,MICHIGAN STATE,GEORGE PERLES,Not Ranked
1986,HOME,SEP,27,1986,HOLTZ,W,41-9,Not Ranked,PURDUE,LEON BURTNETT,Not Ranked
1986,BIRMINGHAM,OCT,4,1986,HOLTZ,L,14-20,Not Ranked,ALABAMA,RAY PERKINS,2
1986,HOME,OCT,11,1986,HOLTZ,L,10-19,Not Ranked,PITT,MIKE GOTTFRIED,Not Ranked
1986,HOME,OCT,18,1986,HOLTZ,W,31-3,Not Ranked,AIR FORCE,FISHER DeBERRY,Not Ranked
1986,BALTIMORE,NOV,1,1986,HOLTZ,W,33-14,Not Ranked,NAVY,GARY TRANQUILL,Not Ranked
1986,HOME,NOV,8,1986,HOLTZ,W,61-29,Not Ranked,SO METHODIST,BOBBY COLLINS,Not Ranked
1986,HOME,NOV,15,1986,HOLTZ,L,19-24,Not Ranked,PENN STATE,JOE PATERNO,3
1986,AWAY,NOV,22,1986,HOLTZ,L,19-21,Not Ranked,LOUISIANA STATE,BILL ARNSPARGER,8
1986,AWAY,NOV,29,1986,HOLTZ,W,38-37,Not Ranked,SOUTHERN CAL,TED TOLLNER,17
1987,AWAY,SEP,12,1987,HOLTZ,W,26-7,16,MICHIGAN,BO SCHEMBECHLER,9
1987,HOME,SEP,19,1987,HOLTZ,W,31-8,9,MICHIGAN STATE,GEORGE PERLES,17
1987,AWAY,SEP,26,1987,HOLTZ,W,44-20,8,PURDUE,FRED AKERS,Not Ranked
1987,AWAY,OCT,10,1987,HOLTZ,L,22-30,4,PITT,MIKE GOTTFRIED,Not Ranked
1987,AWAY,OCT,17,1987,HOLTZ,W,35-14,11,AIR FORCE,FISHER DeBERRY,Not Ranked
1987,HOME,OCT,24,1987,HOLTZ,W,26-15,10,SOUTHERN CAL,LARRY SMITH,Not Ranked
1987,HOME,OCT,31,1987,HOLTZ,W,56-13,9,NAVY,ELLIOT UZELAC,Not Ranked
1987,HOME,NOV,7,1987,HOLTZ,W,32-25,9,BOSTON COLLEGE,JACK BICKNELL,Not Ranked
1987,HOME,NOV,14,1987,HOLTZ,W,37-6,7,ALABAMA,BILL CURRY,10
1987,AWAY,NOV,21,1987,HOLTZ,L,20-21,7,PENN STATE,JOE PATERNO,Not Ranked
1987,AWAY,NOV,28,1987,HOLTZ,L,0-24,10,MIAMI-FLA,JIMMY JOHNSON,2
1987,COTTON BOWL,JAN,1,1988,HOLTZ,L,13-14,12,TEXAS A&M,JACKIE SHERRILL,13
1988,HOME,SEP,10,1988,HOLTZ,W,19-17,13,MICHIGAN,BO SCHEMBECHLER,9
1988,AWAY,SEP,17,1988,HOLTZ,W,20-3,8,MICHIGAN STATE,GEORGE PERLES,Not Ranked
1988,HOME,SEP,24,1988,HOLTZ,W,52-7,8,PURDUE,FRED AKERS,Not Ranked
1988,HOME,OCT,1,1988,HOLTZ,W,42-14,5,STANFORD,JACK ELWAY,Not Ranked
1988,AWAY,OCT,8,1988,HOLTZ,W,30-20,5,PITT,MIKE GOTTFRIED,Not Ranked
1988,HOME,OCT,15,1988,HOLTZ,W,31-30,4,MIAMI-FLA,JIMMY JOHNSON,1
1988,HOME,OCT,22,1988,HOLTZ,W,41-13,2,AIR FORCE,FISHER DeBERRY,Not Ranked
1988,BALTIMORE,OCT,29,1988,HOLTZ,W,22-7,2,NAVY,ELLIOT UZELAC,Not Ranked
1988,HOME,NOV,5,1988,HOLTZ,W,54-11,1,RICE,JERRY BERNDT,Not Ranked
1988,HOME,NOV,19,1988,HOLTZ,W,21-3,1,PENN STATE,JOE PATERNO,Not Ranked
1988,AWAY,NOV,26,1988,HOLTZ,W,27-10,1,SOUTHERN CAL,LARRY SMITH,2
1988,FIESTA BOWL,JAN,1,1989,HOLTZ,W,34-21,1,WEST VIRGINIA,DON NEHLEN,3
1989,GIANTS STADIUM,AUG,31,1989,HOLTZ,W,36-13,2,VIRGINIA,GEORGE WELSH,Not Ranked
1989,AWAY,SEP,16,1989,HOLTZ,W,24-19,1,MICHIGAN,BO SCHEMBECHLER,2
1989,HOME,SEP,23,1989,HOLTZ,W,21-13,1,MICHIGAN STATE,GEORGE PERLES,Not Ranked
1989,AWAY,SEP,30,1989,HOLTZ,W,41-7,1,PURDUE,FRED AKERS,Not Ranked
1989,AWAY,OCT,7,1989,HOLTZ,W,27-17,1,STANFORD,DENNIS GREEN,Not Ranked
1989,AWAY,OCT,14,1989,HOLTZ,W,41-27,1,AIR FORCE,FISHER DeBERRY,17
1989,HOME,OCT,21,1989,HOLTZ,W,28-24,1,SOUTHERN CAL,LARRY SMITH,9
1989,HOME,OCT,28,1989,HOLTZ,W,45-7,1,PITT,MIKE GOTTFRIED,7
1989,HOME,NOV,4,1989,HOLTZ,W,41-0,1,NAVY,ELLIOT UZELAC,Not Ranked
1989,HOME,NOV,11,1989,HOLTZ,W,59-6,1,SO METHODIST,FORREST GREGG,Not Ranked
1989,AWAY,NOV,18,1989,HOLTZ,W,34-23,1,PENN STATE,JOE PATERNO,17
1989,AWAY,NOV,25,1989,HOLTZ,L,19-20,1,MIAMI-FLA,DENNIS ERICKSON,7
1989,ORANGE BOWL,JAN,1,1990,HOLTZ,W,21-6,4,COLORADO,BILL McCARTNEY,1
1990,HOME,SEP,15,1990,HOLTZ,W,28-24,1,MICHIGAN,GARY MOELLER,4
1990,AWAY,SEP,22,1990,HOLTZ,W,20-19,1,MICHIGAN STATE,GEORGE PERLES,24
1990,HOME,SEP,29,1990,HOLTZ,W,37-11,1,PURDUE,FRED AKERS,Not Ranked
1990,HOME,OCT,6,1990,HOLTZ,L,31-36,1,STANFORD,DENNIS GREEN,Not Ranked
1990,HOME,OCT,13,1990,HOLTZ,W,57-27,8,AIR FORCE,FISHER DeBERRY,Not Ranked
1990,HOME,OCT,20,1990,HOLTZ,W,29-20,6,MIAMI-FLA,DENNIS ERICKSON,2
1990,AWAY,OCT,27,1990,HOLTZ,W,31-22,3,PITT,PAUL HACKETT,Not Ranked
1990,GIANTS STADIUM,NOV,3,1990,HOLTZ,W,52-31,2,NAVY,GEORGE CHAUMP,Not Ranked
1990,AWAY,NOV,10,1990,HOLTZ,W,34-29,1,TENNESSEE,JOHNNY MAJORS,9
1990,HOME,NOV,17,1990,HOLTZ,L,21-24,1,PENN STATE,JOE PATERNO,18
1990,AWAY,NOV,24,1990,HOLTZ,W,28-10,7,SOUTHERN CAL,LARRY SMITH,18
1990,ORANGE BOWL,JAN,1,1991,HOLTZ,L,3-10,5,COLORADO,BILL McCARTNEY,1
1991,HOME,SEP,7,1991,HOLTZ,W,49-27,7,INDIANA,BILL MALLORY,Not Ranked
1991,AWAY,SEP,14,1991,HOLTZ,L,14-24,7,MICHIGAN,GARY MOELLER,3
1991,HOME,SEP,21,1991,HOLTZ,W,49-10,11,MICHIGAN STATE,GEORGE PERLES,Not Ranked
1991,AWAY,SEP,28,1991,HOLTZ,W,45-20,8,PURDUE,JIM COLLETTO,Not Ranked
1991,AWAY,OCT,5,1991,HOLTZ,W,42-26,8,STANFORD,DENNIS GREEN,Not Ranked
1991,HOME,OCT,12,1991,HOLTZ,W,42-7,7,PITT,PAUL HACKETT,12
1991,AWAY,OCT,19,1991,HOLTZ,W,28-15,5,AIR FORCE,FISHER DeBERRY,Not Ranked
1991,HOME,OCT,26,1991,HOLTZ,W,24-20,5,SOUTHERN CAL,LARRY SMITH,Not Ranked
1991,HOME,NOV,2,1991,HOLTZ,W,38-0,5,NAVY,GEORGE CHAUMP,Not Ranked
1991,HOME,NOV,9,1991,HOLTZ,L,34-35,5,TENNESSEE,JOHNNY MAJORS,13
1991,AWAY,NOV,16,1991,HOLTZ,L,13-35,12,PENN STATE,JOE PATERNO,8
1991,AWAY,NOV,30,1991,HOLTZ,W,48-42,17,HAWAII,BOB WAGNER,Not Ranked
1991,SUGAR BOWL,JAN,1,1992,HOLTZ,W,39-28,18,FLORIDA,STEVE SPURRIER,3
1992,SOLDIER FIELD,SEP,5,1992,HOLTZ,W,42-7,3,NORTHWESTERN,GARY BARNETT,Not Ranked
1992,HOME,SEP,12,1992,HOLTZ,T,17-17,3,MICHIGAN,GARY MOELLER,6
1992,AWAY,SEP,19,1992,HOLTZ,W,52-31,7,MICHIGAN STATE,GEORGE PERLES,Not Ranked
1992,HOME,SEP,26,1992,HOLTZ,W,48-0,6,PURDUE,JIM COLLETTO,Not Ranked
1992,HOME,OCT,3,1992,HOLTZ,L,16-33,6,STANFORD,BILL WALSH,18
1992,AWAY,OCT,10,1992,HOLTZ,W,52-21,13,PITT,PAUL HACKETT,Not Ranked
1992,HOME,OCT,24,1992,HOLTZ,W,42-16,10,BRIGHAM YOUNG,LAVELL EDWARDS,Not Ranked
1992,GIANTS STADIUM,OCT,31,1992,HOLTZ,W,38-7,10,NAVY,GEORGE CHAUMP,Not Ranked
1992,HOME,NOV,7,1992,HOLTZ,W,54-7,8,BOSTON COLLEGE,TOM COUGHLIN,9
1992,HOME,NOV,14,1992,HOLTZ,W,17-16,8,PENN STATE,JOE PATERNO,22
1992,AWAY,NOV,28,1992,HOLTZ,W,31-23,5,SOUTHERN CAL,LARRY SMITH,19
1992,COTTON BOWL,JAN,1,1993,HOLTZ,W,28-3,5,TEXAS A&M,R.C. SLOCUM,4
1993,HOME,SEP,4,1993,HOLTZ,W,27-12,7,NORTHWESTERN,GARY BARNETT,Not Ranked
1993,AWAY,SEP,11,1993,HOLTZ,W,27-23,11,MICHIGAN,GARY MOELLER,3
1993,HOME,SEP,18,1993,HOLTZ,W,36-14,4,MICHIGAN STATE,GEORGE PERLES,Not Ranked
1993,AWAY,SEP,25,1993,HOLTZ,W,17-0,4,PURDUE,JIM COLLETTO,Not Ranked
1993,AWAY,OCT,2,1993,HOLTZ,W,48-20,4,STANFORD,BILL WALSH,Not Ranked
1993,HOME,OCT,9,1993,HOLTZ,W,44-0,4,PITT,JOHNNY MAJORS,Not Ranked
1993,AWAY,OCT,16,1993,HOLTZ,W,45-20,3,BRIGHAM YOUNG,LAVELL EDWARDS,Not Ranked
1993,HOME,OCT,23,1993,HOLTZ,W,31-13,2,SOUTHERN CAL,JOHN ROBINSON,Not Ranked
1993,VETERANS STADIUM,OCT,30,1993,HOLTZ,W,58-27,2,NAVY,GEORGE CHAUMP,Not Ranked
1993,HOME,NOV,13,1993,HOLTZ,W,31-24,2,FLORIDA STATE,BOBBY BOWDEN,1
1993,HOME,NOV,20,1993,HOLTZ,L,39-41,1,BOSTON COLLEGE,TOM COUGHLIN,17
1993,COTTON BOWL,JAN,1,1994,HOLTZ,W,24-21,4,TEXAS A&M,R.C. SLOCUM,7
1994,SOLDIER FIELD,SEP,3,1994,HOLTZ,W,42-15,3,NORTHWESTERN,GARY BARNETT,Not Ranked
1994,HOME,SEP,10,1994,HOLTZ,L,24-26,3,MICHIGAN,GARY MOELLER,6
1994,AWAY,SEP,17,1994,HOLTZ,W,21-20,8,MICHIGAN STATE,GEORGE PERLES,Not Ranked
1994,HOME,SEP,24,1994,HOLTZ,W,39-21,9,PURDUE,JIM COLLETTO,Not Ranked
1994,HOME,OCT,1,1994,HOLTZ,W,34-15,8,STANFORD,BILL WALSH,Not Ranked
1994,AWAY,OCT,8,1994,HOLTZ,L,14-21,8,BOSTON COLLEGE,DAN HENNING,Not Ranked
1994,HOME,OCT,15,1994,HOLTZ,L,14-21,17,BRIGHAM YOUNG,LAVELL EDWARDS,Not Ranked
1994,HOME,OCT,29,1994,HOLTZ,W,58-21,Not Ranked,NAVY,GEORGE CHAUMP,Not Ranked
1994,ORLANDO,NOV,12,1994,HOLTZ,L,16-23,Not Ranked,FLORIDA STATE,BOBBY BOWDEN,8
1994,HOME,NOV,19,1994,HOLTZ,W,42-30,Not Ranked,AIR FORCE,FISHER DeBERRY,Not Ranked
1994,AWAY,NOV,26,1994,HOLTZ,T,17-17,Not Ranked,SOUTHERN CAL,JOHN ROBINSON,17
1994,FIESTA BOWL,JAN,2,1995,HOLTZ,L,24-41,Not Ranked,COLORADO,BILL McCARTNEY,4
1995,HOME,SEP,2,1995,HOLTZ,L,15-17,9,NORTHWESTERN,GARY BARNETT,Not Ranked
1995,AWAY,SEP,9,1995,HOLTZ,W,35-28,25,PURDUE,JIM COLLETTO,Not Ranked
1995,HOME,SEP,16,1995,HOLTZ,W,41-0,24,VANDERBILT,ROD DOWHOWER,Not Ranked
1995,HOME,SEP,23,1995,HOLTZ,W,55-27,21,TEXAS,JOHN MACKOVIC,13
1995,AWAY,SEP,30,1995,HOLTZ,L,26-45,15,OHIO STATE,JOHN COOPER,7
1995,AWAY,OCT,7,1995,HOLTZ,W,29-21,23,WASHINGTON,JIM LAMBRIGHT,15
1995,GIANTS STADIUM,OCT,14,1995,HOLTZ,W,28-27,17,ARMY,BOB SUTTON,Not Ranked
1995,HOME,OCT,21,1995,HOLTZ,W,38-10,17,SOUTHERN CAL,JOHN ROBINSON,5
1995,HOME,OCT,28,1995,HOLTZ,W,20-10,17,BOSTON COLLEGE,DAN HENNING,Not Ranked
1995,HOME,NOV,4,1995,HOLTZ,W,35-17,12,NAVY,CHARLIE WEATHERBIE,Not Ranked
1995,AWAY,NOV,18,1995,HOLTZ,W,44-14,8,AIR FORCE,FISHER DeBERRY,Not Ranked
1995,ORANGE BOWL,JAN,1,1996,HOLTZ,L,26-31,6,FLORIDA STATE,BOBBY BOWDEN,8
1996,AWAY,SEP,5,1996,HOLTZ,W,14-7,6,VANDERBILT,ROD DOWHOWER,Not Ranked
1996,HOME,SEP,14,1996,HOLTZ,W,35-0,9,PURDUE,JIM COLLETTO,Not Ranked
1996,AWAY,SEP,21,1996,HOLTZ,W,27-24,9,TEXAS,JOHN MACKOVIC,6
1996,HOME,SEP,28,1996,HOLTZ,L,16-29,5,OHIO STATE,JOHN COOPER,4
1996,HOME,OCT,12,1996,HOLTZ,W,54-20,11,WASHINGTON,JIM LAMBRIGHT,16
1996,HOME,OCT,19,1996,HOLTZ,L,17-20,8,AIR FORCE,FISHER DeBERRY,Not Ranked
1996,DUBLIN,NOV,2,1996,HOLTZ,W,54-27,19,NAVY,CHARLIE WEATHERBIE,Not Ranked
1996,AWAY,NOV,9,1996,HOLTZ,W,40-21,17,BOSTON COLLEGE,DAN HENNING,Not Ranked
1996,HOME,NOV,16,1996,HOLTZ,W,60-6,14,PITT,JOHNNY MAJORS,Not Ranked
1996,HOME,NOV,23,1996,HOLTZ,W,62-0,10,RUTGERS,TERRY SHEA,Not Ranked
1996,AWAY,NOV,30,1996,HOLTZ,L,20-27,10,SOUTHERN CAL,JOHN ROBINSON,Not Ranked
1997,HOME,SEP,6,1997,DAVIE,W,17-13,11,GEORGIA TECH,GEORGE O'LEARY,Not Ranked
1997,AWAY,SEP,13,1997,DAVIE,L,17-28,12,PURDUE,JOE TILLER,Not Ranked
1997,HOME,SEP,20,1997,DAVIE,L,10-14,Not Ranked,MICHIGAN STATE,NICK SABAN,17
1997,AWAY,SEP,27,1997,DAVIE,L,14-21,Not Ranked,MICHIGAN,LLOYD CARR,6
1997,AWAY,OCT,4,1997,DAVIE,L,15-33,Not Ranked,STANFORD,TYRONE WILLINGHAM,19
1997,AWAY,OCT,11,1997,DAVIE,W,45-21,Not Ranked,PITT,WALT HARRIS,Not Ranked
1997,HOME,OCT,18,1997,DAVIE,L,17-20,Not Ranked,SOUTHERN CAL,JOHN ROBINSON,Not Ranked
1997,HOME,OCT,25,1997,DAVIE,W,52-20,Not Ranked,BOSTON COLLEGE,TOM O'BRIEN,Not Ranked
1997,HOME,NOV,1,1997,DAVIE,W,21-17,Not Ranked,NAVY,CHARLIE WEATHERBIE,Not Ranked
1997,AWAY,NOV,15,1997,DAVIE,W,24-6,Not Ranked,LOUISIANA STATE,GERRY DiNARDO,11
1997,HOME,NOV,22,1997,DAVIE,W,21-14,Not Ranked,WEST VIRGINIA,DON NEHLEN,22
1997,AWAY,NOV,29,1997,DAVIE,W,23-22,Not Ranked,HAWAII,FRED von APPEN,Not Ranked
1997,INDEPENDENCE BOWL,DEC,28,1997,DAVIE,L,17-20,Not Ranked,LOUISIANA STATE,GERRY DiNARDO,15
1998,HOME,SEP,5,1998,DAVIE,W,36-20,22,MICHIGAN,LLOYD CARR,5
1998,AWAY,SEP,12,1998,DAVIE,L,23-45,10,MICHIGAN STATE,NICK SABAN,Not Ranked
1998,HOME,SEP,26,1998,DAVIE,W,31-30,23,PURDUE,JOE TILLER,Not Ranked
1998,HOME,OCT,3,1998,DAVIE,W,35-17,23,STANFORD,TYRONE WILLINGHAM,Not Ranked
1998,AWAY,OCT,10,1998,DAVIE,W,28-9,22,ARIZONA STATE,BRUCE SNYDER,Not Ranked
1998,HOME,OCT,24,1998,DAVIE,W,20-17,18,ARMY,BOB SUTTON,Not Ranked
1998,HOME,OCT,31,1998,DAVIE,W,27-3,16,BAYLOR,DAVE ROBERTS,Not Ranked
1998,AWAY,NOV,7,1998,DAVIE,W,31-26,13,BOSTON COLLEGE,TOM O'BRIEN,Not Ranked
1998,"RALJON, MD",NOV,14,1998,DAVIE,W,30-0,12,NAVY,CHARLIE WEATHERBIE,Not Ranked
1998,HOME,NOV,21,1998,DAVIE,W,39-36,10,LOUISIANA STATE,GERRY DiNARDO,Not Ranked
1998,AWAY,NOV,28,1998,DAVIE,L,0-10,9,SOUTHERN CAL,PAUL HACKETT,Not Ranked
1998,GATOR BOWL,JAN,1,1999,DAVIE,L,28-35,17,GEORGIA TECH,GEORGE O'LEARY,12
1999,HOME,AUG,28,1999,DAVIE,W,48-13,18,KANSAS,TERRY ALLEN,Not Ranked
1999,AWAY,SEP,4,1999,DAVIE,L,22-26,16,MICHIGAN,LLOYD CARR,7
1999,AWAY,SEP,11,1999,DAVIE,L,23-28,16,PURDUE,JOE TILLER,20
1999,HOME,SEP,18,1999,DAVIE,L,13-23,24,MICHIGAN STATE,NICK SABAN,Not Ranked
1999,HOME,OCT,2,1999,DAVIE,W,34-30,Not Ranked,OKLAHOMA,BOB STOOPS,23
1999,HOME,OCT,9,1999,DAVIE,W,48-17,Not Ranked,ARIZONA STATE,BRUCE SNYDER,Not Ranked
1999,HOME,OCT,16,1999,DAVIE,W,25-24,Not Ranked,SOUTHERN CAL,PAUL HACKETT,Not Ranked
1999,HOME,OCT,30,1999,DAVIE,W,28-24,Not Ranked,NAVY,CHARLIE WEATHERBIE,Not Ranked
1999,AWAY,NOV,6,1999,DAVIE,L,14-38,24,TENNESSEE,PHILLIP FULMER,4
1999,AWAY,NOV,13,1999,DAVIE,L,27-37,Not Ranked,PITT,WALT HARRIS,Not Ranked
1999,HOME,NOV,20,1999,DAVIE,L,29-31,Not Ranked,BOSTON COLLEGE,TOM O'BRIEN,25
1999,AWAY,NOV,27,1999,DAVIE,L,37-40,Not Ranked,STANFORD,TYRONE WILLINGHAM,Not Ranked
2000,HOME,SEP,2,2000,DAVIE,W,24-10,Not Ranked,TEXAS A&M,R.C. SLOCUM,25
2000,HOME,SEP,9,2000,DAVIE,L,24-27,23,NEBRASKA,FRANK SOLICH,1
2000,HOME,SEP,16,2000,DAVIE,W,23-21,21,PURDUE,JOE TILLER,13
2000,AWAY,SEP,23,2000,DAVIE,L,21-27,16,MICHIGAN STATE,BOBBY WILLIAMS,23
2000,HOME,OCT,7,2000,DAVIE,W,20-14,25,STANFORD,TYRONE WILLINGHAM,Not Ranked
2000,ORLANDO,OCT,14,2000,DAVIE,W,45-14,20,NAVY,CHARLIE WEATHERBIE,Not Ranked
2000,AWAY,OCT,21,2000,DAVIE,W,42-28,20,WEST VIRGINIA,DON NEHLEN,Not Ranked
2000,HOME,OCT,28,2000,DAVIE,W,34-31,19,AIR FORCE,FISHER DeBERRY,Not Ranked
2000,HOME,NOV,11,2000,DAVIE,W,28-16,11,BOSTON COLLEGE,TOM O'BRIEN,Not Ranked
2000,AWAY,NOV,18,2000,DAVIE,W,45-17,11,RUTGERS,TERRY SHEA,Not Ranked
2000,AWAY,NOV,25,2000,DAVIE,W,38-21,11,SOUTHERN CAL,PAUL HACKETT,Not Ranked
2000,FIESTA BOWL,JAN,1,2001,DAVIE,L,20-21,10,OREGON STATE,DENNIS ERICKSON,5
2001,AWAY,SEP,8,2001,DAVIE,L,10-14,17,NEBRASKA,FRANK SOLICH,5
2001,HOME,SEP,22,2001,DAVIE,L,0-7,23,MICHIGAN STATE,BOBBY WILLIAMS,Not Ranked
2001,AWAY,SEP,29,2001,DAVIE,L,10-21,Not Ranked,TEXAS A&M,R.C. SLOCUM,Not Ranked
2001,HOME,OCT,6,2001,DAVIE,W,24-7,Not Ranked,PITT,WALT HARRIS,Not Ranked
2001,HOME,OCT,13,2001,DAVIE,W,34-24,Not Ranked,WEST VIRGINIA,RICH RODRIGUEZ,Not Ranked
2001,HOME,OCT,20,2001,DAVIE,W,27-16,Not Ranked,SOUTHERN CAL,PETE CARROLL,Not Ranked
2001,AWAY,OCT,27,2001,DAVIE,L,17-21,Not Ranked,BOSTON COLLEGE,TOM O'BRIEN,Not Ranked
2001,HOME,NOV,3,2001,DAVIE,L,18-28,Not Ranked,TENNESSEE,PHILLIP FULMER,7
2001,HOME,NOV,16,2001,DAVIE,W,34-16,Not Ranked,NAVY,RICK LANTZ,Not Ranked
2001,AWAY,NOV,24,2001,DAVIE,L,13-17,Not Ranked,STANFORD,TYRONE WILLINGHAM,13
2001,AWAY,DEC,1,2001,DAVIE,W,24-18,Not Ranked,PURDUE,JOE TILLER,Not Ranked
2002,GIANTS STADIUM,AUG,31,2002,WILLINGHAM,W,22-0,Not Ranked,MARYLAND,RALPH FRIEDGEN,21
2002,HOME,SEP,7,2002,WILLINGHAM,W,24-17,23,PURDUE,JOE TILLER,Not Ranked
2002,HOME,SEP,14,2002,WILLINGHAM,W,25-23,20,MICHIGAN,LLOYD CARR,7
2002,AWAY,SEP,21,2002,WILLINGHAM,W,21-17,12,MICHIGAN STATE,BOBBY WILLIAMS,Not Ranked
2002,HOME,OCT,5,2002,WILLINGHAM,W,31-7,9,STANFORD,BUDDY TEEVENS,Not Ranked
2002,HOME,OCT,12,2002,WILLINGHAM,W,14-6,8,PITT,WALT HARRIS,Not Ranked
2002,AWAY,OCT,19,2002,WILLINGHAM,W,21-14,7,AIR FORCE,FISHER DeBERRY,18
2002,AWAY,OCT,26,2002,WILLINGHAM,W,34-24,6,FLORIDA STATE,BOBBY BOWDEN,11
2002,HOME,NOV,2,2002,WILLINGHAM,L,21-22,4,BOSTON COLLEGE,TOM O'BRIEN,Not Ranked
2002,BALTIMORE,NOV,9,2002,WILLINGHAM,W,30-23,9,NAVY,PAUL JOHNSON,Not Ranked
2002,HOME,NOV,23,2002,WILLINGHAM,W,42-0,8,RUTGERS,GREG SCHIANO,Not Ranked
2002,AWAY,NOV,30,2002,WILLINGHAM,L,13-44,7,SOUTHERN CAL,PETE CARROLL,6
2002,GATOR BOWL,JAN,1,2003,WILLINGHAM,L,14-19,11,NORTH CAROLINA STATE,CHUCK AMATO,17
2003,HOME,SEP,6,2003,WILLINGHAM,W,29-26,19,WASHINGTON STATE,BILL DOBA,Not Ranked
2003,AWAY,SEP,13,2003,WILLINGHAM,L,0-38,15,MICHIGAN,LLOYD CARR,5
2003,HOME,SEP,20,2003,WILLINGHAM,L,16-22,Not Ranked,MICHIGAN STATE,JOHN L. SMITH,Not Ranked
2003,AWAY,SEP,27,2003,WILLINGHAM,L,10-23,Not Ranked,PURDUE,JOE TILLER,22
2003,AWAY,OCT,11,2003,WILLINGHAM,W,20-14,Not Ranked,PITT,WALT HARRIS,15
2003,HOME,OCT,18,2003,WILLINGHAM,L,14-45,Not Ranked,SOUTHERN CAL,PETE CARROLL,5
2003,AWAY,OCT,25,2003,WILLINGHAM,L,25-27,Not Ranked,BOSTON COLLEGE,TOM O'BRIEN,Not Ranked
2003,HOME,NOV,1,2003,WILLINGHAM,L,0-37,Not Ranked,FLORIDA STATE,BOBBY BOWDEN,5
2003,HOME,NOV,8,2003,WILLINGHAM,W,27-24,Not Ranked,NAVY,PAUL JOHNSON,Not Ranked
2003,HOME,NOV,15,2003,WILLINGHAM,W,33-14,Not Ranked,BRIGHAM YOUNG,GARY CROWTON,Not Ranked
2003,AWAY,NOV,29,2003,WILLINGHAM,W,57-7,Not Ranked,STANFORD,BUDDY TEEVENS,Not Ranked
2003,AWAY,DEC,6,2003,WILLINGHAM,L,12-38,Not Ranked,SYRACUSE,PAUL PASQUALONI,Not Ranked
2004,AWAY,SEP,4,2004,WILLINGHAM,L,17-20,Not Ranked,BRIGHAM YOUNG,GARY CROWTON,Not Ranked
2004,HOME,SEP,11,2004,WILLINGHAM,W,28-20,Not Ranked,MICHIGAN,LLOYD CARR,8
2004,AWAY,SEP,18,2004,WILLINGHAM,W,31-24,Not Ranked,MICHIGAN STATE,JOHN L. SMITH,Not Ranked
2004,HOME,SEP,25,2004,WILLINGHAM,W,38-3,Not Ranked,WASHINGTON,KEITH GILBERTSON,Not Ranked
2004,HOME,OCT,2,2004,WILLINGHAM,L,16-41,Not Ranked,PURDUE,JOE TILLER,15
2004,HOME,OCT,9,2004,WILLINGHAM,W,23-15,Not Ranked,STANFORD,BUDDY TEEVENS,Not Ranked
2004,GIANTS STADIUM,OCT,16,2004,WILLINGHAM,W,27-9,Not Ranked,NAVY,PAUL JOHNSON,Not Ranked
2004,HOME,OCT,23,2004,WILLINGHAM,L,23-24,24,BOSTON COLLEGE,TOM O'BRIEN,Not Ranked
2004,AWAY,NOV,6,2004,WILLINGHAM,W,17-13,Not Ranked,TENNESSEE,PHILLIP FULMER,9
2004,HOME,NOV,13,2004,WILLINGHAM,L,38-41,24,PITT,WALT HARRIS,Not Ranked
2004,AWAY,NOV,27,2004,WILLINGHAM,L,10-41,Not Ranked,SOUTHERN CAL,PETE CARROLL,1
2004,INSIGHT BOWL,DEC,28,2004,BAER,L,21-38,Not Ranked,OREGON STATE,MIKE RILEY,Not Ranked
2005,AWAY,SEP,3,2005,WEIS,W,42-21,Not Ranked,PITT,DAVE WANNSTEDT,23
2005,AWAY,SEP,10,2005,WEIS,W,17-10,20,MICHIGAN,LLOYD CARR,3
2005,HOME,SEP,17,2005,WEIS,L,41-44,10,MICHIGAN STATE,JOHN L. SMITH,Not Ranked
2005,AWAY,SEP,24,2005,WEIS,W,36-17,16,WASHINGTON,TYRONE WILLINGHAM,Not Ranked
2005,AWAY,OCT,1,2005,WEIS,W,49-28,13,PURDUE,JOE TILLER,22
2005,HOME,OCT,15,2005,WEIS,L,31-34,9,SOUTHERN CAL,PETE CARROLL,1
2005,HOME,OCT,22,2005,WEIS,W,49-23,9,BRIGHAM YOUNG,BRONCO MENDENHALL,Not Ranked
2005,HOME,NOV,5,2005,WEIS,W,41-21,8,TENNESSEE,PHILLIP FULMER,Not Ranked
2005,HOME,NOV,12,2005,WEIS,W,42-21,7,NAVY,PAUL JOHNSON,Not Ranked
2005,HOME,NOV,19,2005,WEIS,W,34-10,6,SYRACUSE,GREG ROBINSON,Not Ranked
2005,AWAY,NOV,26,2005,WEIS,W,38-31,6,STANFORD,WALT HARRIS,Not Ranked
2005,FIESTA BOWL,JAN,2,2006,WEIS,L,20-34,5,OHIO STATE,JIM TRESSEL,4
2006,AWAY,SEP,2,2006,WEIS,W,14-10,2,GEORGIA TECH,CHAN GAILEY,Not Ranked
2006,HOME,SEP,9,2006,WEIS,W,41-17,4,PENN STATE,JOE PATERNO,19
2006,HOME,SEP,16,2006,WEIS,L,21-47,2,MICHIGAN,LLOYD CARR,11
2006,AWAY,SEP,23,2006,WEIS,W,40-37,12,MICHIGAN STATE,JOHN L. SMITH,Not Ranked
2006,HOME,SEP,30,2006,WEIS,W,35-21,12,PURDUE,JOE TILLER,Not Ranked
2006,HOME,OCT,7,2006,WEIS,W,31-10,12,STANFORD,WALT HARRIS,Not Ranked
2006,HOME,OCT,21,2006,WEIS,W,20-17,10,UCLA,KARL DORRELL,Not Ranked
2006,BALTIMORE,OCT,28,2006,WEIS,W,38-14,11,NAVY,PAUL JOHNSON,Not Ranked
2006,HOME,NOV,4,2006,WEIS,W,45-26,11,NORTH CAROLINA,JOHN BUNTING,Not Ranked
2006,AWAY,NOV,11,2006,WEIS,W,39-17,9,AIR FORCE,FISHER DeBERRY,Not Ranked
2006,HOME,NOV,18,2006,WEIS,W,41-9,6,ARMY,BOBBY ROSS,Not Ranked
2006,AWAY,NOV,25,2006,WEIS,L,24-44,6,SOUTHERN CAL,PETE CARROLL,3
2006,SUGAR BOWL,JAN,3,2007,WEIS,L,14-41,11,LOUISIANA STATE,LES MILES,4
2007,HOME,SEP,1,2007,WEIS,L,3-33,Not Ranked,GEORGIA TECH,CHAN GAILEY,Not Ranked
2007,AWAY,SEP,8,2007,WEIS,L,10-31,Not Ranked,PENN STATE,JOE PATERNO,14
2007,AWAY,SEP,15,2007,WEIS,L,0-38,Not Ranked,MICHIGAN,LLOYD CARR,Not Ranked
2007,HOME,SEP,22,2007,WEIS,L,14-31,Not Ranked,MICHIGAN STATE,MARK DANTONIO,Not Ranked
2007,AWAY,SEP,29,2007,WEIS,L,19-33,Not Ranked,PURDUE,JOE TILLER,Not Ranked
2007,AWAY,OCT,6,2007,WEIS,W,20-6,Not Ranked,UCLA,KARL DORRELL,Not Ranked
2007,HOME,OCT,13,2007,WEIS,L,14-27,Not Ranked,BOSTON COLLEGE,JEFF JAGODZINSKI,4
2007,HOME,OCT,20,2007,WEIS,L,0-38,Not Ranked,SOUTHERN CAL,PETE CARROLL,13
2007,HOME,NOV,3,2007,WEIS,L,44-46,Not Ranked,NAVY,PAUL JOHNSON,Not Ranked
2007,HOME,NOV,10,2007,WEIS,L,24-41,Not Ranked,AIR FORCE,TROY CALHOUN,Not Ranked
2007,HOME,NOV,17,2007,WEIS,W,28-7,Not Ranked,DUKE,TED ROOF,Not Ranked
2007,AWAY,NOV,24,2007,WEIS,W,21-14,Not Ranked,STANFORD,JIM HARBAUGH,Not Ranked
2008,HOME,SEP,6,2008,WEIS,W,21-13,Not Ranked,SAN DIEGO STATE,CHUCK LONG,Not Ranked
2008,HOME,SEP,13,2008,WEIS,W,35-17,Not Ranked,MICHIGAN,RICH RODRIGUEZ,Not Ranked
2008,AWAY,SEP,20,2008,WEIS,L,7-23,Not Ranked,MICHIGAN STATE,MARK DANTONIO,Not Ranked
2008,HOME,SEP,27,2008,WEIS,W,38-21,Not Ranked,PURDUE,JOE TILLER,Not Ranked
2008,HOME,OCT,4,2008,WEIS,W,28-21,Not Ranked,STANFORD,JIM HARBAUGH,Not Ranked
2008,AWAY,OCT,11,2008,WEIS,L,24-29,Not Ranked,NORTH CAROLINA,BUTCH DAVIS,22
2008,AWAY,OCT,25,2008,WEIS,W,33-7,Not Ranked,WASHINGTON,TYRONE WILLINGHAM,Not Ranked
2008,HOME,NOV,1,2008,WEIS,L,33-36,Not Ranked,PITT,DAVE WANNSTEDT,Not Ranked
2008,AWAY,NOV,8,2008,WEIS,L,0-17,Not Ranked,BOSTON COLLEGE,JEFF JAGODZINSKI,Not Ranked
2008,BALTIMORE,NOV,15,2008,WEIS,W,27-21,Not Ranked,NAVY,KEN NIUMATALOLO,Not Ranked
2008,HOME,NOV,22,2008,WEIS,L,23-24,Not Ranked,SYRACUSE,GREG ROBINSON,Not Ranked
2008,AWAY,NOV,29,2008,WEIS,L,3-38,Not Ranked,SOUTHERN CAL,PETE CARROLL,5
2008,HAWAII BOWL,DEC,24,2008,WEIS,W,49-21,Not Ranked,HAWAII,GREG McMACKIN,Not Ranked
2009,HOME,SEP,5,2009,WEIS,W,35-0,23,NEVADA,CHRIS AULT,Not Ranked
2009,AWAY,SEP,12,2009,WEIS,L,34-38,18,MICHIGAN,RICH RODRIGUEZ,Not Ranked
2009,HOME,SEP,19,2009,WEIS,W,33-30,Not Ranked,MICHIGAN STATE,MARK DANTONIO,Not Ranked
2009,AWAY,SEP,26,2009,WEIS,W,24-21,Not Ranked,PURDUE,DANNY HOPE,Not Ranked
2009,HOME,OCT,3,2009,WEIS,W,37-30,Not Ranked,WASHINGTON,STEVE SARKISIAN,Not Ranked
2009,HOME,OCT,17,2009,WEIS,L,27-34,25,SOUTHERN CAL,PETE CARROLL,6
2009,HOME,OCT,24,2009,WEIS,W,20-16,Not Ranked,BOSTON COLLEGE,FRANK SPAZIANI,Not Ranked
2009,SAN ANTONIO,OCT,31,2009,WEIS,W,40-14,Not Ranked,WASHINGTON STATE,PAUL WULFF,Not Ranked
2009,HOME,NOV,7,2009,WEIS,L,21-23,19,NAVY,KEN NIUMATALOLO,Not Ranked
2009,AWAY,NOV,14,2009,WEIS,L,22-27,Not Ranked,PITT,DAVE WANNSTEDT,8
2009,HOME,NOV,21,2009,WEIS,L,30-33,Not Ranked,CONNECTICUT,RANDY EDSALL,Not Ranked
2009,AWAY,NOV,28,2009,WEIS,L,38-45,Not Ranked,STANFORD,JIM HARBAUGH,Not Ranked
2010,HOME,SEP,4,2010,KELLY,W,23-12,Not Ranked,PURDUE,DANNY HOPE,Not Ranked
2010,HOME,SEP,11,2010,KELLY,L,24-28,Not Ranked,MICHIGAN,RICH RODRIGUEZ,Not Ranked
2010,AWAY,SEP,18,2010,KELLY,L,31-34,Not Ranked,MICHIGAN STATE,MARK DANTONIO,Not Ranked
2010,HOME,SEP,25,2010,KELLY,L,14-37,Not Ranked,STANFORD,JIM HARBAUGH,16
2010,AWAY,OCT,2,2010,KELLY,W,31-13,Not Ranked,BOSTON COLLEGE,FRANK SPAZIANI,Not Ranked
2010,HOME,OCT,9,2010,KELLY,W,23-17,Not Ranked,PITT,DAVE WANNSTEDT,Not Ranked
2010,HOME,OCT,16,2010,KELLY,W,44-20,Not Ranked,WESTERN MICHIGAN,BILL CUBIT,Not Ranked
2010,NEW MEADOWLANDS STADIUM,OCT,23,2010,KELLY,L,17-35,Not Ranked,NAVY,KEN NIUMATALOLO,Not Ranked
2010,HOME,OCT,30,2010,KELLY,L,27-28,Not Ranked,TULSA,TODD GRAHAM,Not Ranked
2010,HOME,NOV,13,2010,KELLY,W,28-3,Not Ranked,UTAH,KYLE WHITTINGHAM,15
2010,YANKEE STADIUM,NOV,20,2010,KELLY,W,27-3,Not Ranked,ARMY,RICH ELLERSON,Not Ranked
2010,AWAY,NOV,27,2010,KELLY,W,20-16,Not Ranked,SOUTHERN CAL,LANE KIFFIN,Not Ranked
2010,SUN BOWL,DEC,31,2010,KELLY,W,33-17,Not Ranked,MIAMI-FLA,JEFF STOUTLAND,Not Ranked
2011,HOME,SEP,3,2011,KELLY,L,20-23,16,SOUTH FLORIDA,SKIP HOLTZ,Not Ranked
2011,AWAY,SEP,10,2011,KELLY,L,31-35,Not Ranked,MICHIGAN,BRADY HOKE,Not Ranked
2011,HOME,SEP,17,2011,KELLY,W,31-13,Not Ranked,MICHIGAN STATE,MARK DANTONIO,15
2011,AWAY,SEP,24,2011,KELLY,W,15-12,Not Ranked,PITT,TODD GRAHAM,Not Ranked
2011,AWAY,OCT,1,2011,KELLY,W,38-10,Not Ranked,PURDUE,DANNY HOPE,Not Ranked
2011,HOME,OCT,8,2011,KELLY,W,59-33,Not Ranked,AIR FORCE,TROY CALHOUN,Not Ranked
2011,HOME,OCT,22,2011,KELLY,L,17-31,Not Ranked,SOUTHERN CAL,LANE KIFFIN,Not Ranked
2011,HOME,OCT,29,2011,KELLY,W,56-14,Not Ranked,NAVY,KEN NIUMATALOLO,Not Ranked
2011,AWAY,NOV,5,2011,KELLY,W,24-17,Not Ranked,WAKE FOREST,JIM GROBE,Not Ranked
2011,FEDEX FIELD,NOV,12,2011,KELLY,W,45-21,Not Ranked,MARYLAND,RANDY EDSALL,Not Ranked
2011,HOME,NOV,19,2011,KELLY,W,16-14,24,BOSTON COLLEGE,FRANK SPAZIANI,Not Ranked
2011,AWAY,NOV,26,2011,KELLY,L,14-28,22,STANFORD,DAVID SHAW,4
2011,CHAMPS BOWL,DEC,29,2011,KELLY,L,14-18,Not Ranked,FLORIDA STATE,JIMBO FISHER,25
2012,DUBLIN,SEP,1,2012,KELLY,W,50-10,Not Ranked,NAVY,KEN NIUMATALOLO,Not Ranked
2012,HOME,SEP,8,2012,KELLY,W,20-17,22,PURDUE,DANNY HOPE,Not Ranked
2012,AWAY,SEP,15,2012,KELLY,W,20-3,20,MICHIGAN STATE,MARK DANTONIO,10
2012,HOME,SEP,22,2012,KELLY,W,13-6,11,MICHIGAN,BRADY HOKE,18
2012,SOLDIER FIELD,OCT,6,2012,KELLY,W,41-3,9,MIAMI-FLA,AL GOLDEN,Not Ranked
2012,HOME,OCT,13,2012,KELLY,W,20-13,7,STANFORD,DAVID SHAW,17
2012,HOME,OCT,20,2012,KELLY,W,17-14,5,BRIGHAM YOUNG,BRONCO MENDENHALL,Not Ranked
2012,AWAY,OCT,27,2012,KELLY,W,30-13,5,OKLAHOMA,BOB STOOPS,8
2012,HOME,NOV,3,2012,KELLY,W,29-26,4,PITT,PAUL CHRYST,Not Ranked
2012,AWAY,NOV,10,2012,KELLY,W,21-6,4,BOSTON COLLEGE,FRANK SPAZIANI,Not Ranked
2012,HOME,NOV,17,2012,KELLY,W,38-0,3,WAKE FOREST,JIM GROBE,Not Ranked
2012,AWAY,NOV,24,2012,KELLY,W,22-13,1,SOUTHERN CAL,LANE KIFFIN,Not Ranked
2012,BCS TITLE GAME-MIAMI,JAN,7,2013,KELLY,L,14-42,1,ALABAMA,NICK SABAN,2
2013,HOME,AUG,31,2013,KELLY,W,28-6,14,TEMPLE,MATT RHULE,Not Ranked
2013,AWAY,SEP,7,2013,KELLY,L,30-41,14,MICHIGAN,BRADY HOKE,17
2013,AWAY,SEP,14,2013,KELLY,W,31-24,21,PURDUE,DARRELL HAZELL,Not Ranked
2013,HOME,SEP,21,2013,KELLY,W,17-13,22,MICHIGAN STATE,MARK DANTONIO,Not Ranked
2013,HOME,SEP,28,2013,KELLY,L,21-35,22,OKLAHOMA,BOB STOOPS,14
2013,ARLINGTON,OCT,5,2013,KELLY,W,37-34,Not Ranked,ARIZONA STATE,TODD GRAHAM,22
2013,HOME,OCT,19,2013,KELLY,W,14-10,Not Ranked,SOUTHERN CAL,ED ORGERON,Not Ranked
2013,AWAY,OCT,26,2013,KELLY,W,45-10,Not Ranked,AIR FORCE,TROY CALHOUN,Not Ranked
2013,HOME,NOV,2,2013,KELLY,W,38-34,Not Ranked,NAVY,KEN NIUMATALOLO,Not Ranked
2013,AWAY,NOV,9,2013,KELLY,L,21-28,24,PITT,PAUL CHRYST,Not Ranked
2013,HOME,NOV,23,2013,KELLY,W,23-13,Not Ranked,BRIGHAM YOUNG,BRONCO MENDENHALL,Not Ranked
2013,AWAY,NOV,30,2013,KELLY,L,20-27,25,STANFORD,DAVID SHAW,8
2013,YANKEE STADIUM,DEC,28,2013,KELLY,W,29-16,25,RUTGERS,KYLE FLOOD,Not Ranked
2014,HOME,AUG,30,2014,KELLY,W,48-17,17,RICE,DAVID BAILIFF,Not Ranked
2014,HOME,SEP,6,2014,KELLY,W,31-0,16,MICHIGAN,BRADY HOKE,Not Ranked
2014,LUCAS OIL STADIUM,SEP,13,2014,KELLY,W,30-14,11,PURDUE,DARRELL HAZELL,Not Ranked
2014,METLIFE STADIUM,SEP,27,2014,KELLY,W,31-15,8,SYRACUSE,SCOTT SHAFER,Not Ranked
2014,HOME,OCT,4,2014,KELLY,W,17-14,9,STANFORD,DAVID SHAW,14
2014,HOME,OCT,11,2014,KELLY,W,50-43,6,NORTH CAROLINA,LARRY FEDORA,Not Ranked
2014,AWAY,OCT,18,2014,KELLY,L,27-31,5,FLORIDA STATE,JIMBO FISHER,2
2014,FEDEX FIELD,NOV,1,2014,KELLY,W,49-39,6,NAVY,KEN NIUMATALOLO,Not Ranked
2014,AWAY,NOV,8,2014,KELLY,L,31-55,8,ARIZONA STATE,TODD GRAHAM,11
2014,HOME,NOV,15,2014,KELLY,L,40-43,15,NORTHWESTERN,PAT FITZGERALD,Not Ranked
2014,HOME,NOV,22,2014,KELLY,L,28-31,Not Ranked,LOUISVILLE,BOBBY PETRINO,Not Ranked
2014,AWAY,NOV,29,2014,KELLY,L,14-49,Not Ranked,SOUTHERN CAL,STEVE SARKISIAN,Not Ranked
2014,MUSIC CITY BOWL,DEC,30,2014,KELLY,W,31-28,Not Ranked,LOUISIANA STATE,LES MILES,22
2015,HOME,SEP,5,2015,KELLY,W,38-3,11,TEXAS,CHARLIE STRONG,Not Ranked
2015,AWAY,SEP,12,2015,KELLY,W,34-27,9,VIRGINIA,MIKE LONDON,Not Ranked
2015,HOME,SEP,19,2015,KELLY,W,30-22,8,GEORGIA TECH,PAUL JOHNSON,14
2015,HOME,SEP,26,2015,KELLY,W,62-27,6,MASSACHUSETTS,MARK WHIPPLE,Not Ranked
2015,AWAY,OCT,3,2015,KELLY,L,22-24,6,CLEMSON,DABO SWINNEY,12
2015,HOME,OCT,10,2015,KELLY,W,41-24,15,NAVY,KEN NIUMATALOLO,Not Ranked
2015,HOME,OCT,17,2015,KELLY,W,41-31,14,SOUTHERN CAL,CLAY HELTON,Not Ranked
2015,LINCOLN FINANCIAL FIELD,OCT,31,2015,KELLY,W,24-20,9,TEMPLE,MATT RHULE,21
2015,AWAY,NOV,7,2015,KELLY,W,42-30,8,PITT,PAT NARDUZZI,Not Ranked
2015,HOME,NOV,14,2015,KELLY,W,28-7,6,WAKE FOREST,DAVE CLAWSON,Not Ranked
2015,FENWAY PARK,NOV,21,2015,KELLY,W,19-16,5,BOSTON COLLEGE,STEVE ADDAZIO,Not Ranked
2015,AWAY,NOV,28,2015,KELLY,L,36-38,4,STANFORD,DAVID SHAW,13
2015,FIESTA BOWL,JAN,1,2016,KELLY,L,28-44,8,OHIO STATE,URBAN MEYER,7
2016,AWAY,SEP,4,2016,KELLY,L,47-50,10,TEXAS,CHARLIE STRONG,Not Ranked
2016,HOME,SEP,10,2016,KELLY,W,39-10,18,NEVADA,BRIAN POLIAN,Not Ranked
2016,HOME,SEP,17,2016,KELLY,L,28-36,18,MICHIGAN STATE,MARK DANTONIO,12
2016,HOME,SEP,24,2016,KELLY,L,35-38,Not Ranked,DUKE,DAVID CUTCLIFFE,Not Ranked
2016,METLIFE STADIUM,OCT,1,2016,KELLY,W,50-33,Not Ranked,SYRACUSE,DINO BABERS,Not Ranked
2016,AWAY,OCT,8,2016,KELLY,L,3-10,Not Ranked,NORTH CAROLINA STATE,DAVE DOEREN,Not Ranked
2016,HOME,OCT,15,2016,KELLY,L,10-17,Not Ranked,STANFORD,DAVID SHAW,Not Ranked
2016,HOME,OCT,29,2016,KELLY,W,30-27,Not Ranked,MIAMI-FLA,MARK RICHT,Not Ranked
2016,JACKSONVILLE,NOV,5,2016,KELLY,L,27-28,Not Ranked,NAVY,KEN NIUMATALOLO,Not Ranked
2016,ALAMODOME,NOV,12,2016,KELLY,W,44-6,Not Ranked,ARMY,JEFF MONKEN,Not Ranked
2016,HOME,NOV,19,2016,KELLY,L,31-34,Not Ranked,VIRGINIA TECH,JUSTIN FUENTE,Not Ranked
2016,AWAY,NOV,26,2016,KELLY,L,27-45,Not Ranked,SOUTHERN CAL,CLAY HELTON,12
2017,HOME,SEP,2,2017,KELLY,W,49-16,Not Ranked,TEMPLE,GEOFF COLLINS,Not Ranked
2017,HOME,SEP,9,2017,KELLY,L,19-20,24,GEORGIA,KIRBY SMART,15
2017,HOME,SEP,9,2017,KELLY,L,19-20,24,GEORGIA,KIRBY SMART,15
